Id,CreationDate,LastAccessDate,DownVotes,UpVotes,Reputation,Views,WebsiteUrl
5740031,2016-1-3,2016-3-6,0,3,317,5,http://codefuller.com/
5740031,2016-1-3,2016-12-10,10,362,1188,31,http://codefuller.com/
5740031,2016-1-3,2017-6-10,13,487,3496,73,http://codefuller.com/
5740031,2016-1-3,2017-8-25,13,531,3506,79,http://codefuller.com/
5740031,2016-1-3,2017-12-2,19,624,6313,209,http://codefuller.com/
5740031,2016-1-3,2018-6-1,30,1009,19243,1363,http://codefuller.com/
5740031,2016-1-3,2018-9-2,30,1064,20091,1412,http://codefuller.com/
5740031,2016-1-3,2018-12-1,30,1095,20929,1474,http://codefuller.com/
5740031,2016-1-3,2019-6-1,30,1147,22326,1594,http://codefuller.com/
5740031,2016-1-3,2019-9-1,30,1180,22962,1633,http://codefuller.com/
5741205,2016-1-3,2016-3-5,43,142,1986,212,
5741205,2016-1-3,2016-12-10,411,2510,32411,2911,
5741205,2016-1-3,2017-6-10,475,4912,58821,5226,https://www.linkedin.com/in/maxuzunov/
5741205,2016-1-3,2017-8-26,493,5746,69940,5914,https://www.linkedin.com/in/maxuzunov/
5741205,2016-1-3,2017-12-2,502,6781,83732,6650,https://www.linkedin.com/in/maxuzunov/
5741205,2016-1-3,2018-6-1,519,8279,105652,7987,https://www.linkedin.com/in/maxuzunov/
5741205,2016-1-3,2018-9-2,519,8532,112153,8475,https://www.linkedin.com/in/maxuzunov/
5741205,2016-1-3,2018-12-1,519,8624,117790,8762,https://www.linkedin.com/in/maxuzunov/
5741205,2016-1-3,2019-6-2,519,8803,128178,9426,https://www.linkedin.com/in/maxuzunov/
5741205,2016-1-3,2019-8-31,520,8971,133819,9699,https://www.linkedin.com/in/maxuzunov/
5743988,2016-1-4,2016-3-6,1,31,180,5,http://castletheperson.com
5743988,2016-1-4,2016-12-11,704,870,10953,1354,http://www.castletheperson.com
5743988,2016-1-4,2017-6-11,1583,1134,14758,2365,https://www.linkedin.com/in/castlekerr/
5743988,2016-1-4,2017-8-27,1720,1210,15927,2694,https://www.linkedin.com/in/castlekerr/
5743988,2016-1-4,2017-12-3,1920,1302,17368,2994,https://www.linkedin.com/in/castlekerr/
5743988,2016-1-4,2018-6-2,2110,1384,19325,3453,https://www.linkedin.com/in/castlekerr/
5743988,2016-1-4,2018-9-2,2148,1402,20106,3617,https://www.linkedin.com/in/castlekerr/
5743988,2016-1-4,2018-12-1,2162,1421,20761,3738,https://www.linkedin.com/in/castlekerr/
5743988,2016-1-4,2019-6-2,2191,1492,22539,4022,https://www.linkedin.com/in/castlekerr/
5743988,2016-1-4,2019-9-1,2199,1507,23469,4157,https://www.linkedin.com/in/castlekerr/
5761558,2016-1-8,2016-3-5,0,4,552,15,NULL
5761558,2016-1-8,2016-12-8,0,18,1422,42,NULL
5761558,2016-1-8,2017-6-10,0,21,1655,61,NULL
5761558,2016-1-8,2017-8-26,0,23,1850,74,NULL
5761558,2016-1-8,2017-12-2,0,24,1860,79,NULL
5761558,2016-1-8,2018-6-2,241,400,7850,551,
5761558,2016-1-8,2018-9-1,342,836,13263,963,
5761558,2016-1-8,2018-12-1,381,1172,18101,1365,
5761558,2016-1-8,2019-6-1,399,1914,25718,2062,
5761558,2016-1-8,2019-9-1,399,2124,27004,2203,
5768908,2016-1-10,2016-3-5,0,2,56,6,http://gf.neocities.com
5768908,2016-1-10,2016-12-11,660,2784,14194,715,http://gf.neocities.org
5768908,2016-1-10,2017-6-11,1401,4061,31874,1849,http://gf.neocities.org
5768908,2016-1-10,2017-8-27,1703,4499,37646,2362,http://gf.neocities.org
5768908,2016-1-10,2017-12-3,2066,5080,45513,2990,http://gf.neocities.org
5768908,2016-1-10,2018-6-3,2570,5997,55867,4121,http://gf.neocities.org
5768908,2016-1-10,2018-9-2,2891,6481,60650,4616,https://www.gerardofurtado.com
5768908,2016-1-10,2018-12-2,3121,6638,62858,4913,https://www.gerardofurtado.com
5768908,2016-1-10,2019-6-2,3585,7426,70351,5773,https://www.gerardofurtado.com
5768908,2016-1-10,2019-9-1,3811,7786,74059,6176,https://www.gerardofurtado.com
5771269,2016-1-10,2016-3-6,2,16,1160,50,NULL
5771269,2016-1-10,2016-12-11,45,95,6634,174,NULL
5771269,2016-1-10,2017-6-10,68,120,8660,276,
5771269,2016-1-10,2017-8-27,77,139,9945,352,
5771269,2016-1-10,2017-12-3,117,181,11881,481,
5771269,2016-1-10,2018-6-3,165,256,14353,684,
5771269,2016-1-10,2018-9-2,180,264,15217,770,
5771269,2016-1-10,2018-12-2,196,290,16634,876,
5771269,2016-1-10,2019-6-2,240,351,21303,1252,
5771269,2016-1-10,2019-9-1,261,375,22753,1356,
5772882,2016-1-11,2016-3-4,0,0,16,2,
5772882,2016-1-11,2016-12-10,140,321,2390,314,http://ole.villumsen.name/
5772882,2016-1-11,2017-6-10,309,1052,7790,1034,http://ole.villumsen.name/
5772882,2016-1-11,2017-8-25,333,1248,9689,1276,http://ole.villumsen.name/
5772882,2016-1-11,2017-12-2,374,1488,11354,1491,http://ole.villumsen.name/
5772882,2016-1-11,2018-6-2,517,2228,18517,2258,http://ole.villumsen.name/
5772882,2016-1-11,2018-9-1,585,2639,21940,2731,http://ole.villumsen.name/
5772882,2016-1-11,2018-12-2,634,3046,25794,3178,http://ole.villumsen.name/
5772882,2016-1-11,2019-6-2,710,3812,33993,4255,http://ole.villumsen.name/
5772882,2016-1-11,2019-9-1,748,4140,37277,4635,http://ole.villumsen.name/
5801661,2016-1-17,2016-3-4,3,13,652,133,NULL
5801661,2016-1-17,2016-12-10,71,346,7741,1408,NULL
5801661,2016-1-17,2017-6-10,252,734,12936,2592,
5801661,2016-1-17,2017-8-26,266,864,14349,2978,
5801661,2016-1-17,2017-12-2,288,995,15971,3507,
5801661,2016-1-17,2018-6-3,321,1253,18619,4629,
5801661,2016-1-17,2018-9-1,324,1369,19519,5065,
5801661,2016-1-17,2018-12-1,333,1521,21533,5705,
5801661,2016-1-17,2019-6-1,340,1724,23526,6812,
5801661,2016-1-17,2019-8-31,344,1828,24604,7392,
5820010,2016-1-21,2016-3-3,0,0,1,0,NULL
5820010,2016-1-21,2016-4-30,0,0,1,0,NULL
5820010,2016-1-21,2017-6-8,0,0,1,2,NULL
5820010,2016-1-21,2017-8-24,0,0,1,2,NULL
5820010,2016-1-21,2017-12-2,0,0,1,4,NULL
5820010,2016-1-21,2018-6-2,211,41,15022,1703,
5820010,2016-1-21,2018-9-2,374,81,25725,2877,
5820010,2016-1-21,2018-12-2,563,165,35678,3641,
5820010,2016-1-21,2019-6-2,1208,311,53530,5000,
5820010,2016-1-21,2019-8-31,1479,334,60380,5565,
5836671,2016-1-25,2016-3-4,0,0,1,0,NULL
5836671,2016-1-25,2016-12-11,180,178,3720,208,http://www.vanderwaal.eu
5836671,2016-1-25,2017-6-10,652,630,10376,682,http://www.vanderwaal.eu
5836671,2016-1-25,2017-8-26,811,714,12313,948,http://www.vanderwaal.eu
5836671,2016-1-25,2017-12-2,916,877,14812,1171,http://www.vanderwaal.eu
5836671,2016-1-25,2018-6-2,1222,1085,18711,1730,http://www.vanderwaal.eu
5836671,2016-1-25,2018-9-1,1298,1217,20303,1972,http://www.vanderwaal.eu
5836671,2016-1-25,2018-12-1,1355,1365,22312,2204,http://www.vanderwaal.eu
5836671,2016-1-25,2019-6-1,1510,1674,25451,2709,http://www.vanderwaal.eu
5836671,2016-1-25,2019-8-29,1605,1805,26638,2973,http://www.vanderwaal.eu
5841306,2016-1-26,2016-3-4,0,0,1,0,NULL
5841306,2016-1-26,2016-12-9,0,0,1,0,NULL
5841306,2016-1-26,2017-6-10,0,8,112,21,https://pk.linkedin.com/in/barbaros-%C3%B6zhan-3a421054/
5841306,2016-1-26,2017-8-26,2,26,197,55,https://pk.linkedin.com/in/barbaros-%C3%B6zhan-3a421054/
5841306,2016-1-26,2017-12-2,107,124,1379,267,https://pk.linkedin.com/in/barbaros-%C3%B6zhan-3a421054/
5841306,2016-1-26,2018-6-3,424,564,5929,759,https://pk.linkedin.com/in/barbaros-%C3%B6zhan-3a421054/
5841306,2016-1-26,2018-9-2,444,766,8091,983,https://pk.linkedin.com/in/barbaros-%C3%B6zhan-3a421054/
5841306,2016-1-26,2018-12-2,466,1119,11397,1274,https://pk.linkedin.com/in/barbaros-%C3%B6zhan-3a421054/
5841306,2016-1-26,2019-6-2,476,1895,17242,1886,https://pk.linkedin.com/in/barbaros-%C3%B6zhan-3a421054/
5841306,2016-1-26,2019-8-31,489,2407,20944,2302,https://pk.linkedin.com/in/barbaros-%C3%B6zhan-3a421054/
5858851,2016-1-29,2016-3-1,0,0,1,0,NULL
5858851,2016-1-29,2016-12-9,0,3,91,4,NULL
5858851,2016-1-29,2017-6-10,0,4,101,5,NULL
5858851,2016-1-29,2017-7-10,0,4,101,5,NULL
5858851,2016-1-29,2017-12-3,7,35,345,31,
5858851,2016-1-29,2018-6-3,593,1747,8163,737,
5858851,2016-1-29,2018-9-2,749,2044,10827,1003,
5858851,2016-1-29,2018-12-2,919,2271,13347,1242,
5858851,2016-1-29,2019-6-2,1739,2643,18740,1902,
5858851,2016-1-29,2019-9-1,2190,2858,21090,2302,
5862071,2016-1-30,2016-2-3,0,0,1,0,NULL
5862071,2016-1-30,2016-12-10,0,0,1,3,
5862071,2016-1-30,2017-6-11,223,478,7256,900,
5862071,2016-1-30,2017-8-26,265,505,8035,990,
5862071,2016-1-30,2017-12-3,361,631,11455,1320,
5862071,2016-1-30,2018-6-3,603,1037,23886,2535,
5862071,2016-1-30,2018-9-1,671,1170,29515,3001,
5862071,2016-1-30,2018-12-2,732,1237,32930,3228,https://www.linkedin.com/in/ousmane-diaw-86963a128/
5862071,2016-1-30,2019-6-1,1116,1426,43121,4978,https://www.linkedin.com/in/ousmane-diaw-86963a128/
5862071,2016-1-30,2019-8-29,1116,1428,43696,5084,https://www.linkedin.com/in/ousmane-diaw-86963a128/
5866580,2016-2-1,2016-2-29,0,0,1,0,NULL
5866580,2016-2-1,2016-10-13,0,0,1,0,NULL
5866580,2016-2-1,2017-6-10,5,113,1874,302,
5866580,2016-2-1,2017-8-26,8,164,3362,472,
5866580,2016-2-1,2017-12-3,10,363,6096,913,
5866580,2016-2-1,2018-6-3,27,1730,15381,1604,
5866580,2016-2-1,2018-9-2,29,1995,21027,2180,
5866580,2016-2-1,2018-12-2,30,2051,24311,2473,
5866580,2016-2-1,2019-6-2,30,2220,31969,3233,
5866580,2016-2-1,2019-9-1,30,2258,33766,3397,
5880706,2016-2-4,2016-3-4,0,0,1,0,NULL
5880706,2016-2-4,2016-3-7,0,0,1,0,NULL
5880706,2016-2-4,2017-6-11,10,71,2181,296,https://hadoopinku.wordpress.com/
5880706,2016-2-4,2017-8-27,11,112,6653,863,https://hadoopinku.wordpress.com/
5880706,2016-2-4,2017-12-2,11,164,9661,1212,https://hadoopinku.wordpress.com/
5880706,2016-2-4,2018-6-3,62,358,20511,2928,https://hadoopandspark.wordpress.com/
5880706,2016-2-4,2018-9-2,76,405,24737,3665,https://hadoopandspark.wordpress.com/
5880706,2016-2-4,2018-12-2,76,422,26513,3945,https://hadoopandspark.wordpress.com/
5880706,2016-2-4,2019-6-2,76,464,28893,4353,https://hadoopandspark.wordpress.com/
5880706,2016-2-4,2019-8-30,76,486,29862,4520,https://hadoopandspark.wordpress.com/
5892036,2016-2-6,2016-3-5,1,2,758,14,http://sven.schoenung.org
5892036,2016-2-6,2016-12-10,701,52,9715,395,http://sven.schoenung.org
5892036,2016-2-6,2017-6-9,787,61,12429,583,http://sven.schoenung.org
5892036,2016-2-6,2017-8-24,787,61,13069,628,http://sven.schoenung.org
5892036,2016-2-6,2017-11-23,787,61,13764,674,http://sven.schoenung.org
5892036,2016-2-6,2018-5-30,787,61,15494,784,http://sven.schoenung.org
5892036,2016-2-6,2018-9-1,787,62,16512,841,http://sven.schoenung.org
5892036,2016-2-6,2018-11-30,787,62,17782,884,http://sven.schoenung.org
5892036,2016-2-6,2019-6-1,787,64,21693,1021,http://sven.schoenung.org
5892036,2016-2-6,2019-8-31,787,64,22843,1075,http://sven.schoenung.org
5910058,2016-2-10,2016-3-5,0,19,58,0,
5910058,2016-2-10,2016-12-10,894,1523,5887,393,
5910058,2016-2-10,2017-6-11,1471,2301,8360,745,
5910058,2016-2-10,2017-8-26,1725,2627,10031,973,
5910058,2016-2-10,2017-12-3,1946,2903,10447,1180,
5910058,2016-2-10,2018-6-3,2561,3569,12851,1856,
5910058,2016-2-10,2018-9-2,2869,3900,14174,2247,
5910058,2016-2-10,2018-12-1,3143,4218,15646,2581,
5910058,2016-2-10,2019-6-2,3838,4843,18976,3262,
5910058,2016-2-10,2019-8-31,4167,5173,21340,3665,
5928186,2016-2-15,2016-3-5,0,0,1,0,NULL
5928186,2016-2-15,2016-12-11,82,964,7014,552,
5928186,2016-2-15,2017-6-10,200,1594,19114,1757,
5928186,2016-2-15,2017-8-26,239,1846,24509,2499,
5928186,2016-2-15,2017-12-2,288,2120,30979,3273,
5928186,2016-2-15,2018-6-2,432,2524,53909,5821,
5928186,2016-2-15,2018-9-2,456,2615,63989,6854,
5928186,2016-2-15,2018-12-1,495,2727,75593,8172,
5928186,2016-2-15,2019-6-1,544,3027,104166,12346,
5928186,2016-2-15,2019-8-31,555,3050,116050,13525,
5933656,2016-2-16,2016-3-4,0,0,1,0,NULL
5933656,2016-2-16,2016-12-10,342,800,8509,508,
5933656,2016-2-16,2017-6-11,664,1401,11919,923,
5933656,2016-2-16,2017-8-27,874,1497,12484,1058,
5933656,2016-2-16,2017-12-2,1054,2022,13328,1224,
5933656,2016-2-16,2018-6-2,1293,2635,16069,1654,
5933656,2016-2-16,2018-9-2,1321,2742,16900,1769,
5933656,2016-2-16,2018-12-1,1358,2907,19079,1937,
5933656,2016-2-16,2019-6-1,1444,3159,22035,2252,
5933656,2016-2-16,2019-9-1,1481,3212,23221,2355,
5947043,2016-2-18,2016-3-4,0,2,76,1,
5947043,2016-2-18,2016-12-9,412,356,3626,271,
5947043,2016-2-18,2017-6-10,1012,871,7214,817,
5947043,2016-2-18,2017-8-26,1348,1108,9466,1174,
5947043,2016-2-18,2017-12-2,1995,1465,11882,1885,
5947043,2016-2-18,2018-6-3,3598,2304,17265,3184,
5947043,2016-2-18,2018-9-1,4254,2877,19857,3844,
5947043,2016-2-18,2018-12-1,5114,3521,22171,4637,
5947043,2016-2-18,2019-6-1,6101,4731,27184,5855,
5947043,2016-2-18,2019-8-31,6550,5307,29310,6471,
5958455,2016-2-21,2016-2-21,0,0,1,0,NULL
5958455,2016-2-21,2016-10-7,0,0,1,0,NULL
5958455,2016-2-21,2017-6-10,8,23,203,8,NULL
5958455,2016-2-21,2017-8-27,107,99,1057,94,NULL
5958455,2016-2-21,2017-12-3,548,312,4322,488,https://iBug.github.io
5958455,2016-2-21,2018-6-2,1306,769,13304,2050,https://ibug.github.io
5958455,2016-2-21,2018-9-2,1361,813,14271,2235,https://ibug.github.io
5958455,2016-2-21,2018-12-2,1454,924,16643,2658,https://ibug.github.io
5958455,2016-2-21,2019-6-2,1686,1228,22005,3593,https://iBugOne.com
5958455,2016-2-21,2019-9-1,1708,1295,22681,3775,https://ibugone.com
5974433,2016-2-24,2016-3-5,0,0,1,0,NULL
5974433,2016-2-24,2016-12-10,42,1021,2368,145,
5974433,2016-2-24,2017-6-10,64,1891,7691,575,
5974433,2016-2-24,2017-8-26,81,2139,9684,821,
5974433,2016-2-24,2017-12-2,110,2469,12319,1121,
5974433,2016-2-24,2018-5-26,130,2869,17396,2843,
5974433,2016-2-24,2018-5-26,130,2869,18997,3731,
5974433,2016-2-24,2018-11-21,130,2869,20761,4646,
5974433,2016-2-24,2019-5-27,131,2872,24234,5318,
5974433,2016-2-24,2019-8-31,131,2892,25569,5524,
6022656,2016-3-5,2016-3-6,0,0,8,0,NULL
6022656,2016-3-5,2016-12-11,100,991,7134,199,
6022656,2016-3-5,2017-6-11,164,1558,12854,431,
6022656,2016-3-5,2017-8-27,194,1737,14620,489,
6022656,2016-3-5,2017-12-3,233,2099,19122,652,
6022656,2016-3-5,2018-6-3,299,2664,25865,973,
6022656,2016-3-5,2018-9-1,314,2809,29241,1095,
6022656,2016-3-5,2018-12-2,326,2967,33160,1276,
6022656,2016-3-5,2019-6-2,353,3296,41683,1813,
6022656,2016-3-5,2019-8-31,359,3415,45254,1971,
6024220,2016-3-6,2016-3-6,0,0,1,0,NULL
6024220,2016-3-6,2016-12-8,0,1,21,8,NULL
6024220,2016-3-6,2017-6-11,0,5,21,10,NULL
6024220,2016-3-6,2017-8-27,2,14,1579,69,
6024220,2016-3-6,2017-12-2,2,20,3581,159,
6024220,2016-3-6,2018-6-3,7,37,7154,360,
6024220,2016-3-6,2018-9-1,8,40,8126,424,
6024220,2016-3-6,2018-12-2,11,48,11702,605,
6024220,2016-3-6,2019-6-2,117,294,20156,1110,
6024220,2016-3-6,2019-9-1,295,484,25170,1582,
6067741,2016-3-15,2016-12-10,74,43,2378,246,http://4c74356b41.com
6067741,2016-3-15,2017-6-10,343,126,8362,1225,http://4c74356b41.com
6067741,2016-3-15,2017-8-26,440,143,10781,1728,http://4c74356b41.com
6067741,2016-3-15,2017-12-2,495,152,13105,2136,http://4c74356b41.com
6067741,2016-3-15,2018-6-2,581,198,17080,3011,http://4c74356b41.com
6067741,2016-3-15,2018-9-1,625,226,19527,3591,http://4c74356b41.com
6067741,2016-3-15,2018-12-1,660,255,22761,4318,http://4c74356b41.com
6067741,2016-3-15,2019-6-1,747,437,35575,6592,https://4c74356b41.com
6067741,2016-3-15,2019-8-31,791,454,39624,7676,https://4c74356b41.com
6163022,2016-4-5,2016-12-10,30,310,9269,1103,
6163022,2016-4-5,2017-6-10,62,548,12365,1384,
6163022,2016-4-5,2017-8-26,65,666,13394,1473,
6163022,2016-4-5,2017-12-1,72,1050,15616,1651,
6163022,2016-4-5,2018-6-1,72,1437,17540,1774,
6163022,2016-4-5,2018-8-31,72,1620,18778,1843,
6163022,2016-4-5,2018-11-30,72,1682,19795,1908,
6163022,2016-4-5,2019-5-31,72,1739,21418,2025,
6163022,2016-4-5,2019-8-28,73,1762,22128,2058,
6167855,2016-4-6,2016-12-10,141,777,4235,260,
6167855,2016-4-6,2017-6-11,248,1339,7274,545,
6167855,2016-4-6,2017-8-27,291,1654,10332,780,
6167855,2016-4-6,2017-12-3,331,1944,13291,1000,
6167855,2016-4-6,2018-6-2,366,2326,15269,1202,
6167855,2016-4-6,2018-9-1,391,2745,17802,1410,
6167855,2016-4-6,2018-12-1,415,3063,20150,1560,
6167855,2016-4-6,2019-5-31,450,3571,22395,1810,
6167855,2016-4-6,2019-8-31,454,3680,22958,1885,
6231153,2016-4-20,2016-12-11,359,734,10749,401,
6231153,2016-4-20,2017-6-11,399,1081,15751,630,
6231153,2016-4-20,2017-8-26,453,1323,18808,780,
6231153,2016-4-20,2017-12-3,512,1709,22816,1074,
6231153,2016-4-20,2018-6-1,512,1711,23541,1162,
6231153,2016-4-20,2018-8-31,514,1712,23888,1229,
6231153,2016-4-20,2018-12-1,520,1755,24718,1290,
6231153,2016-4-20,2019-6-2,532,2424,33423,1775,
6231153,2016-4-20,2019-8-30,532,2456,34254,1824,
6238977,2016-4-22,2016-12-5,0,2,18,2,NULL
6238977,2016-4-22,2017-6-5,0,2,23,2,NULL
6238977,2016-4-22,2017-8-22,0,2,23,2,NULL
6238977,2016-4-22,2017-12-2,2,41,810,37,
6238977,2016-4-22,2018-6-2,22,283,5040,243,
6238977,2016-4-22,2018-9-1,27,421,7610,415,
6238977,2016-4-22,2018-12-1,32,639,10480,618,https://www.linkedin.com/in/micha%C5%82-k%C5%82usak-45337857/
6238977,2016-4-22,2019-6-1,50,1156,17965,1060,https://www.linkedin.com/in/micha%C5%82-k%C5%82usak-45337857/
6238977,2016-4-22,2019-9-1,55,1308,20700,1198,https://www.linkedin.com/in/micha%C5%82-k%C5%82usak-45337857/
6241235,2016-4-22,2016-6-28,0,0,6,3,NULL
6241235,2016-4-22,2017-6-10,0,0,13,4,NULL
6241235,2016-4-22,2017-8-26,0,2,20,6,
6241235,2016-4-22,2017-12-2,4,33,2047,184,
6241235,2016-4-22,2018-6-3,722,486,12090,1125,
6241235,2016-4-22,2018-9-2,736,946,20497,1875,
6241235,2016-4-22,2018-12-2,743,1301,27123,2501,
6241235,2016-4-22,2019-6-1,855,2303,44166,3943,
6241235,2016-4-22,2019-9-1,921,2734,52327,4822,
6257435,2016-4-26,2016-12-7,0,0,26,0,NULL
6257435,2016-4-26,2017-6-10,72,8,4697,346,NULL
6257435,2016-4-26,2017-8-27,142,12,7388,520,NULL
6257435,2016-4-26,2017-12-2,226,16,9476,713,NULL
6257435,2016-4-26,2018-6-2,310,17,12063,885,NULL
6257435,2016-4-26,2018-9-2,349,18,13594,999,NULL
6257435,2016-4-26,2018-12-1,378,18,15351,1125,NULL
6257435,2016-4-26,2019-6-2,429,19,19132,1495,NULL
6257435,2016-4-26,2019-8-31,438,19,21445,1710,NULL
6287308,2016-5-3,2016-12-10,0,0,1,2,NULL
6287308,2016-5-3,2017-6-11,6,626,4709,254,
6287308,2016-5-3,2017-8-27,6,766,5964,413,
6287308,2016-5-3,2017-12-3,6,1118,10335,813,
6287308,2016-5-3,2018-6-2,7,1324,13860,1250,
6287308,2016-5-3,2018-9-2,7,1367,14703,1411,
6287308,2016-5-3,2018-12-2,8,1477,16765,1776,
6287308,2016-5-3,2019-6-2,14,1833,23834,2616,
6287308,2016-5-3,2019-8-31,14,1847,24654,2787,
6287910,2016-5-3,2016-12-10,0,10,402,5,
6287910,2016-5-3,2017-6-11,2,61,3016,160,
6287910,2016-5-3,2017-8-27,3,99,6609,260,
6287910,2016-5-3,2017-12-3,6,162,10899,392,
6287910,2016-5-3,2018-6-3,10,262,17788,659,
6287910,2016-5-3,2018-9-2,11,323,20733,755,
6287910,2016-5-3,2018-12-2,11,410,24562,872,
6287910,2016-5-3,2019-6-2,12,523,31149,1522,
6287910,2016-5-3,2019-8-31,12,570,34057,2247,
6294072,2016-5-5,2016-12-8,1,25,145,11,
6294072,2016-5-5,2017-6-10,596,1436,11326,963,
6294072,2016-5-5,2017-8-26,788,1765,15270,1371,
6294072,2016-5-5,2017-12-2,962,1997,19922,1841,
6294072,2016-5-5,2018-6-1,1189,2198,26944,2781,
6294072,2016-5-5,2018-9-1,1241,2232,29658,3415,
6294072,2016-5-5,2018-12-1,1257,2282,32389,3891,
6294072,2016-5-5,2019-6-1,1388,2487,39293,4900,
6294072,2016-5-5,2019-8-31,1554,2550,42417,5420,
6336479,2016-5-15,2016-12-11,54,274,5900,411,
6336479,2016-5-15,2017-6-11,382,770,17156,1468,
6336479,2016-5-15,2017-8-26,534,813,19982,1745,
6336479,2016-5-15,2017-12-2,685,825,21187,1939,
6336479,2016-5-15,2018-6-1,689,829,22422,2271,
6336479,2016-5-15,2018-8-30,691,830,23197,2454,
6336479,2016-5-15,2018-11-30,691,831,23978,2609,
6336479,2016-5-15,2019-6-1,693,841,25693,2888,
6336479,2016-5-15,2019-8-31,700,843,26350,3001,
6337748,2016-5-15,2016-12-10,1,21,3614,135,
6337748,2016-5-15,2017-6-10,4,35,7079,297,
6337748,2016-5-15,2017-8-26,5,42,8505,375,
6337748,2016-5-15,2017-12-2,5,48,10344,470,
6337748,2016-5-15,2018-6-2,6,63,13152,652,
6337748,2016-5-15,2018-8-31,6,66,14578,725,
6337748,2016-5-15,2018-12-1,6,71,15796,791,
6337748,2016-5-15,2019-5-28,6,75,18735,916,
6337748,2016-5-15,2019-8-30,6,75,20179,954,
6344363,2016-5-17,2016-12-11,13,428,5896,397,
6344363,2016-5-17,2017-6-11,86,933,17588,1206,
6344363,2016-5-17,2017-8-27,90,1135,21155,1469,
6344363,2016-5-17,2017-12-3,95,1287,24661,1659,
6344363,2016-5-17,2018-5-29,100,1446,27955,1946,
6344363,2016-5-17,2018-9-2,100,1456,28433,2044,
6344363,2016-5-17,2018-11-30,100,1486,28857,2130,
6344363,2016-5-17,2019-6-1,100,1553,29838,2336,
6344363,2016-5-17,2019-9-1,100,1569,30268,2416,
6348498,2016-5-18,2016-12-11,86,83,776,84,
6348498,2016-5-18,2017-6-11,1883,1134,29014,3371,NULL
6348498,2016-5-18,2017-8-26,1988,1168,29652,3555,
6348498,2016-5-18,2017-12-3,2192,1257,31009,3780,
6348498,2016-5-18,2018-6-3,2263,1310,31671,4019,
6348498,2016-5-18,2018-9-1,2269,1335,31795,4116,
6348498,2016-5-18,2018-12-1,2281,1345,32073,4231,
6348498,2016-5-18,2019-6-2,2299,1376,31992,4484,
6348498,2016-5-18,2019-9-1,2305,1390,32427,4621,
6361531,2016-5-20,2016-6-23,0,0,38,0,NULL
6361531,2016-5-20,2017-6-11,31,989,6640,251,https://www.linkedin.com/in/scott-boston/
6361531,2016-5-20,2017-8-27,49,1958,16618,621,https://www.linkedin.com/in/scott-boston/
6361531,2016-5-20,2017-12-3,74,2515,23611,965,https://www.linkedin.com/in/scott-boston/
6361531,2016-5-20,2018-6-3,117,3471,37359,1649,https://www.linkedin.com/in/scott-boston/
6361531,2016-5-20,2018-9-2,136,3912,44801,1957,https://www.linkedin.com/in/scott-boston/
6361531,2016-5-20,2018-12-1,142,4127,49265,2180,https://www.linkedin.com/in/scott-boston/
6361531,2016-5-20,2019-6-2,174,4752,60849,2744,https://www.linkedin.com/in/scott-boston/
6361531,2016-5-20,2019-9-1,194,5117,67869,3040,https://www.linkedin.com/in/scott-boston/
6371459,2016-5-23,2016-12-10,26,141,4088,271,
6371459,2016-5-23,2017-6-10,43,244,9550,546,
6371459,2016-5-23,2017-8-26,48,278,11245,668,
6371459,2016-5-23,2017-12-2,55,332,13779,798,
6371459,2016-5-23,2018-6-3,70,394,17004,1061,
6371459,2016-5-23,2018-9-1,73,422,18441,1191,
6371459,2016-5-23,2018-12-1,74,449,19596,1308,
6371459,2016-5-23,2019-6-1,79,487,21961,1551,
6371459,2016-5-23,2019-8-31,79,497,22964,1621,
6394138,2016-5-28,2016-12-10,53,787,11390,390,
6394138,2016-5-28,2017-6-10,72,1057,14266,618,
6394138,2016-5-28,2017-8-25,76,1113,16084,719,
6394138,2016-5-28,2017-12-1,78,1173,17042,805,
6394138,2016-5-28,2018-6-2,78,1214,18549,886,
6394138,2016-5-28,2018-9-1,80,1295,19681,950,
6394138,2016-5-28,2018-12-1,80,1396,20181,987,
6394138,2016-5-28,2019-6-1,83,1626,21957,1100,
6394138,2016-5-28,2019-8-31,85,1680,22851,1133,
6400526,2016-5-30,2016-12-11,97,846,15337,1365,
6400526,2016-5-30,2017-6-10,149,1012,18309,1757,
6400526,2016-5-30,2017-8-26,230,1083,21126,2074,
6400526,2016-5-30,2017-12-2,378,1215,26195,2562,
6400526,2016-5-30,2018-6-3,528,1311,27742,2862,
6400526,2016-5-30,2018-9-1,549,1334,28340,3013,
6400526,2016-5-30,2018-12-1,580,1443,29708,3236,
6400526,2016-5-30,2019-6-1,603,1611,31062,3513,
6400526,2016-5-30,2019-8-31,604,1638,31262,3577,
6419007,2016-6-3,2016-12-10,57,854,4692,195,http://ericduminil.com
6419007,2016-6-3,2017-6-10,140,1967,25883,1551,http://ericduminil.com
6419007,2016-6-3,2017-8-26,162,2174,28926,1745,http://ericduminil.com
6419007,2016-6-3,2017-12-2,198,2778,34347,2057,http://ericduminil.com
6419007,2016-6-3,2018-6-2,221,3162,37270,2353,http://ericduminil.com
6419007,2016-6-3,2018-9-1,221,3237,37926,2449,http://ericduminil.com
6419007,2016-6-3,2018-12-1,227,3440,38962,2555,http://ericduminil.com
6419007,2016-6-3,2019-6-1,237,3912,42105,2872,http://ericduminil.com
6419007,2016-6-3,2019-9-1,244,4186,43556,3018,http://ericduminil.com
6428638,2016-6-6,2016-12-8,9,38,590,56,NULL
6428638,2016-6-6,2017-6-11,22,1377,7622,1243,https://sachilaranawaka.wixsite.com/sachilaranawaka
6428638,2016-6-6,2017-8-26,22,1412,9631,1559,https://sachilaranawaka.wixsite.com/sachilaranawaka
6428638,2016-6-6,2017-12-3,22,1448,10790,1986,https://sachilaranawaka.wixsite.com/sachilaranawaka
6428638,2016-6-6,2018-6-3,22,1467,13096,2478,https://sachilaranawaka.wixsite.com/sachilaranawaka
6428638,2016-6-6,2018-9-2,22,1495,15980,2905,https://sachilaranawaka.wixsite.com/sachilaranawaka
6428638,2016-6-6,2018-12-1,23,1504,17739,3160,https://sachilaranawaka.wixsite.com/sachilaranawaka
6428638,2016-6-6,2019-6-1,23,1524,20984,3632,https://sachilaranawaka.wixsite.com/sachilaranawaka
6428638,2016-6-6,2019-8-31,23,1526,21846,3740,https://sachilaranawaka.wixsite.com/sachilaranawaka
6433023,2016-6-7,2016-12-11,423,117,17248,2110,
6433023,2016-6-7,2017-6-10,1019,235,38071,4549,
6433023,2016-6-7,2017-8-26,1088,241,42097,4991,
6433023,2016-6-7,2017-12-2,1090,242,45759,5254,
6433023,2016-6-7,2018-6-2,1102,247,49928,5587,
6433023,2016-6-7,2018-9-2,1171,250,52294,5831,
6433023,2016-6-7,2018-12-1,1171,250,54280,5949,
6433023,2016-6-7,2019-6-1,1171,250,57517,6175,
6433023,2016-6-7,2019-8-31,1171,250,58864,6256,
6451573,2016-6-10,2016-12-10,1598,1069,22345,2051,http://jotd.pagesperso-orange.fr/
6451573,2016-6-10,2017-6-10,3185,2953,47982,5175,http://jotd.pagesperso-orange.fr/
6451573,2016-6-10,2017-8-26,3665,3668,55036,6076,http://jotd.pagesperso-orange.fr/
6451573,2016-6-10,2017-12-2,4558,4777,67070,7737,http://jotd.pagesperso-orange.fr/
6451573,2016-6-10,2018-6-2,6788,6583,84761,15157,http://jotd.pagesperso-orange.fr/
6451573,2016-6-10,2018-9-1,7562,7201,90388,16462,http://jotd.pagesperso-orange.fr/
6451573,2016-6-10,2018-12-1,8611,7902,98356,18283,http://jotd.pagesperso-orange.fr/
6451573,2016-6-10,2019-6-1,12018,8842,108182,32845,http://jotd.pagesperso-orange.fr/
6451573,2016-6-10,2019-8-31,13487,9068,111176,35508,
6464308,2016-6-14,2016-12-10,34,255,6921,448,
6464308,2016-6-14,2017-6-9,51,511,14688,1107,
6464308,2016-6-14,2017-8-25,56,582,17640,1403,
6464308,2016-6-14,2017-12-1,64,678,20695,1744,
6464308,2016-6-14,2018-6-1,150,1208,30971,3212,
6464308,2016-6-14,2018-9-1,172,1478,35951,4016,
6464308,2016-6-14,2018-12-1,181,1710,42361,5026,
6464308,2016-6-14,2019-5-30,200,2159,56307,7250,
6464308,2016-6-14,2019-8-30,227,2371,64068,8477,
6530970,2016-6-30,2016-12-6,23,4,451,28,https://researchers.anu.edu.au/researchers/evers-m
6530970,2016-6-30,2017-6-9,23,4,479,48,https://researchers.anu.edu.au/researchers/evers-m
6530970,2016-6-30,2017-8-25,23,5,504,53,https://researchers.anu.edu.au/researchers/evers-m
6530970,2016-6-30,2017-12-3,400,124,2125,222,https://researchers.anu.edu.au/researchers/evers-m
6530970,2016-6-30,2018-6-3,2808,372,13007,1268,https://researchers.anu.edu.au/researchers/evers-m
6530970,2016-6-30,2018-9-2,3790,587,21220,1946,https://researchers.anu.edu.au/researchers/evers-m
6530970,2016-6-30,2018-12-1,4449,681,25003,2342,https://researchers.anu.edu.au/researchers/evers-m
6530970,2016-6-30,2019-6-2,5820,882,32619,3042,https://researchers.anu.edu.au/researchers/evers-m
6530970,2016-6-30,2019-9-1,6246,924,33881,3200,https://researchers.anu.edu.au/researchers/evers-m
6535336,2016-6-30,2016-12-11,61,191,4345,155,
6535336,2016-6-30,2017-6-11,429,729,13285,852,
6535336,2016-6-30,2017-8-27,688,914,16135,1340,
6535336,2016-6-30,2017-12-3,1066,1143,19702,2024,
6535336,2016-6-30,2018-1-28,1271,1272,22166,2573,
6535336,2016-6-30,2018-1-28,1271,1272,22342,2698,
6535336,2016-6-30,2018-1-28,1271,1272,22432,2793,
6535336,2016-6-30,2018-1-28,1271,1272,22598,2997,
6535336,2016-6-30,2018-1-28,1271,1272,22733,3086,
6541007,2016-7-2,2016-12-11,10,46,12132,454,
6541007,2016-7-2,2017-5-22,15,59,19260,745,
6541007,2016-7-2,2017-8-26,23,77,22339,923,
6541007,2016-7-2,2017-12-3,24,79,24787,998,
6541007,2016-7-2,2018-6-3,33,91,28555,1145,
6541007,2016-7-2,2018-9-2,49,105,30791,1303,
6541007,2016-7-2,2018-12-1,78,126,33473,1445,
6541007,2016-7-2,2019-6-2,107,146,36878,1665,
6541007,2016-7-2,2019-9-1,107,146,37982,1706,
6583140,2016-7-13,2016-12-10,7,623,2358,211,
6583140,2016-7-13,2017-6-10,56,2226,11442,1419,http://stackoverflow.com/users/6583140/alexandru-ionut-mihai
6583140,2016-7-13,2017-8-26,67,2405,12891,1668,http://stackoverflow.com/users/6583140/alexandru-ionut-mihai
6583140,2016-7-13,2017-12-2,115,2787,18286,2654,http://stackoverflow.com/users/6583140/alexandru-ionut-mihai
6583140,2016-7-13,2018-6-2,193,3599,25383,3836,https://www.linkedin.com/in/alexandru-ionut-mihai-298862102/
6583140,2016-7-13,2018-9-1,202,3800,27380,4107,https://www.linkedin.com/in/alexandru-ionut-mihai-298862102/
6583140,2016-7-13,2018-12-1,208,3939,28987,4270,https://www.linkedin.com/in/alexandru-ionut-mihai-298862102/
6583140,2016-7-13,2019-6-1,212,4028,31217,4623,https://www.linkedin.com/in/alexandru-ionut-mihai-298862102/
6583140,2016-7-13,2019-9-1,212,4051,31914,4733,https://www.linkedin.com/in/alexandru-ionut-mihai-298862102/
6587650,2016-7-14,2016-12-9,0,0,2144,197,
6587650,2016-7-14,2017-6-9,0,0,7599,610,
6587650,2016-7-14,2017-8-25,0,0,10189,827,
6587650,2016-7-14,2017-12-1,0,0,13743,1124,
6587650,2016-7-14,2018-6-1,0,1,21154,1816,
6587650,2016-7-14,2018-9-1,0,1,23118,2025,
6587650,2016-7-14,2018-11-27,0,1,24277,2199,
6587650,2016-7-14,2019-5-31,0,1,26280,2476,
6587650,2016-7-14,2019-8-30,0,1,27620,2650,
6622587,2016-7-21,2016-12-11,45,2,981,30,
6622587,2016-7-21,2017-6-11,2773,20,10592,1268,
6622587,2016-7-21,2017-8-27,4035,28,15771,2223,https://eyllanesc.github.io
6622587,2016-7-21,2017-12-3,5316,46,23363,3585,https://eyllanesc.github.io
6622587,2016-7-21,2018-6-3,9726,106,44692,7774,https://eyllanesc.github.io
6622587,2016-7-21,2018-9-2,12125,275,55946,11008,https://eyllanesc.github.io
6622587,2016-7-21,2018-12-2,14196,678,69726,14843,https://eyllanesc.github.io
6622587,2016-7-21,2019-6-2,17771,1764,94233,22194,
6622587,2016-7-21,2019-9-1,19647,2312,106714,25319,
6671176,2016-8-3,2016-12-1,0,0,13,1,
6671176,2016-8-3,2017-6-10,0,2,48,1,
6671176,2016-8-3,2017-8-26,0,2,48,1,
6671176,2016-8-3,2017-12-2,0,2,48,2,
6671176,2016-8-3,2018-6-3,78,807,8144,523,
6671176,2016-8-3,2018-9-1,180,1401,16809,941,
6671176,2016-8-3,2018-12-2,278,1955,28041,1566,
6671176,2016-8-3,2019-6-1,285,2070,31320,1787,
6671176,2016-8-3,2019-9-1,285,2082,32295,1831,
6677986,2016-8-4,2016-12-11,21,513,4931,231,
6677986,2016-8-4,2017-6-11,21,793,11032,533,
6677986,2016-8-4,2017-8-26,23,832,13178,645,
6677986,2016-8-4,2017-12-3,23,873,15854,763,
6677986,2016-8-4,2018-6-2,23,882,19703,904,http://www.cramick-it.com
6677986,2016-8-4,2018-9-1,23,896,21534,972,http://www.cramick-it.com
6677986,2016-8-4,2018-12-2,23,899,23454,1054,http://www.cramick-it.com
6677986,2016-8-4,2019-6-1,25,919,27848,1224,http://www.cramick-it.com
6677986,2016-8-4,2019-8-31,25,923,29818,1286,https://www.cramick-it.com
6680611,2016-8-5,2016-12-11,578,1174,6210,340,http://cartant.com
6680611,2016-8-5,2017-6-11,1448,2571,17049,873,http://cartant.com
6680611,2016-8-5,2017-8-27,1634,3026,20738,1081,http://cartant.com
6680611,2016-8-5,2017-12-3,1690,3325,23505,1287,http://cartant.com
6680611,2016-8-5,2018-6-3,1759,3952,29892,1697,http://cartant.com
6680611,2016-8-5,2018-9-2,1778,4245,32898,1967,http://cartant.com
6680611,2016-8-5,2018-12-2,1788,4432,35308,2142,http://cartant.com
6680611,2016-8-5,2019-6-2,1800,4631,39107,2446,http://cartant.com
6680611,2016-8-5,2019-9-1,1805,4721,40705,2565,http://cartant.com
6695924,2016-8-9,2016-12-6,190,58,574,175,
6695924,2016-8-9,2017-6-10,933,590,13261,1507,
6695924,2016-8-9,2017-8-27,1149,704,15970,1742,
6695924,2016-8-9,2017-12-3,1212,744,17141,1929,
6695924,2016-8-9,2018-4-13,1219,752,17746,2207,
6695924,2016-8-9,2018-8-17,1219,752,18138,2681,
6695924,2016-8-9,2018-12-2,1222,762,18837,3309,
6695924,2016-8-9,2019-5-30,1274,813,20951,4188,
6695924,2016-8-9,2019-8-28,1274,813,21459,4477,
6779307,2016-8-31,2016-12-10,92,597,5298,311,
6779307,2016-8-31,2017-6-10,194,934,8068,586,
6779307,2016-8-31,2017-8-27,197,948,8473,634,
6779307,2016-8-31,2017-12-3,398,1188,10245,894,
6779307,2016-8-31,2018-6-3,718,1665,15518,1676,
6779307,2016-8-31,2018-9-1,892,2059,21656,2446,
6779307,2016-8-31,2018-12-2,1081,2376,26077,3127,
6779307,2016-8-31,2019-6-2,1209,2651,33013,4100,
6779307,2016-8-31,2019-9-1,1238,2689,34909,4401,
6808583,2016-9-8,2016-12-10,0,16,214,12,NULL
6808583,2016-9-8,2017-6-10,4,37,572,32,NULL
6808583,2016-9-8,2017-8-15,5,40,632,48,NULL
6808583,2016-9-8,2017-12-2,5,45,742,53,NULL
6808583,2016-9-8,2018-6-2,6,49,921,69,NULL
6808583,2016-9-8,2018-9-2,7,33,4507,715,
6808583,2016-9-8,2018-12-2,10,46,10809,1591,
6808583,2016-9-8,2019-6-1,204,285,20686,2821,https://data.stackexchange.com/stackoverflow/query/edit/880245
6808583,2016-9-8,2019-9-1,381,354,23557,3200,https://data.stackexchange.com/stackoverflow/query/edit/880245
6811411,2016-9-8,2016-12-11,10,91,947,35,
6811411,2016-9-8,2017-6-11,214,702,4673,331,
6811411,2016-9-8,2017-8-26,418,1069,7572,586,
6811411,2016-9-8,2017-11-27,465,1146,8317,667,
6811411,2016-9-8,2018-6-2,626,1406,10331,858,
6811411,2016-9-8,2018-9-1,895,1867,13923,1125,
6811411,2016-9-8,2018-12-1,1077,2108,16153,1308,
6811411,2016-9-8,2019-6-2,1508,2702,22128,1862,
6811411,2016-9-8,2019-8-31,1675,2836,23799,2039,
6862601,2016-9-22,2016-12-5,0,4,91,0,
6862601,2016-9-22,2017-6-11,50,1827,8086,870,
6862601,2016-9-22,2017-8-27,52,2098,8931,1129,
6862601,2016-9-22,2017-12-3,62,2622,10391,1640,
6862601,2016-9-22,2018-6-3,88,3652,14283,2795,
6862601,2016-9-22,2018-9-2,107,3993,15637,3465,
6862601,2016-9-22,2018-12-2,111,4369,17145,4168,
6862601,2016-9-22,2019-6-2,114,4722,19362,5611,
6862601,2016-9-22,2019-9-1,116,4927,20384,6688,
6890912,2016-9-28,2016-10-24,0,3,61,2,NULL
6890912,2016-9-28,2017-6-8,0,6,61,3,NULL
6890912,2016-9-28,2017-7-14,0,6,71,4,NULL
6890912,2016-9-28,2018-6-1,0,15,71,4,NULL
6890912,2016-9-28,2018-9-2,445,337,12219,735,
6890912,2016-9-28,2018-12-2,970,910,27403,1687,
6890912,2016-9-28,2019-5-31,2096,1478,46918,2638,
6890912,2016-9-28,2019-9-1,2431,1541,49190,2784,
6891563,2016-9-28,2016-11-13,0,0,1,0,
6891563,2016-9-28,2017-6-10,0,2,31,3,
6891563,2016-9-28,2017-8-25,0,8,31,3,
6891563,2016-9-28,2017-12-2,3,66,1,68,
6891563,2016-9-28,2018-6-3,35,270,2609,421,
6891563,2016-9-28,2018-9-2,60,362,6023,899,
6891563,2016-9-28,2018-12-1,70,438,10512,1411,
6891563,2016-9-28,2019-6-1,70,461,18871,1922,
6891563,2016-9-28,2019-9-1,70,464,23347,2123,
6910411,2016-10-2,2016-12-11,0,0,4346,1229,
6910411,2016-10-2,2017-6-10,0,0,14712,4797,
6910411,2016-10-2,2017-8-26,31,17,16504,5454,
6910411,2016-10-2,2017-12-1,226,132,20432,6960,
6910411,2016-10-2,2018-6-2,1766,386,26006,10351,
6910411,2016-10-2,2018-9-1,1827,418,29002,12277,
6910411,2016-10-2,2018-12-2,2690,697,32099,14329,
6910411,2016-10-2,2019-3-1,3062,754,36892,18126,
6910411,2016-10-2,2019-3-1,3062,754,38971,19293,
6914864,2016-10-3,2016-11-25,0,15,81,4,NULL
6914864,2016-10-3,2017-6-9,7,41,398,19,
6914864,2016-10-3,2017-8-11,7,44,396,19,
6914864,2016-10-3,2017-11-28,7,45,396,21,
6914864,2016-10-3,2018-5-31,7,49,396,21,
6914864,2016-10-3,2018-9-2,11,57,1612,77,
6914864,2016-10-3,2018-12-2,34,301,9478,483,
6914864,2016-10-3,2019-6-1,120,858,21811,1339,
6914864,2016-10-3,2019-9-1,151,940,24602,1673,
6936103,2016-10-7,2016-12-10,0,0,471,27,
6936103,2016-10-7,2017-6-11,0,0,4757,354,
6936103,2016-10-7,2017-8-27,0,0,7343,546,
6936103,2016-10-7,2017-12-3,0,0,10464,810,
6936103,2016-10-7,2018-6-1,0,0,16939,1259,
6936103,2016-10-7,2018-9-2,0,0,20655,1566,
6936103,2016-10-7,2018-11-30,0,0,22159,1757,
6936103,2016-10-7,2019-5-3,0,0,25315,2061,
6936103,2016-10-7,2019-8-29,0,0,26459,2165,
7015400,2016-10-13,2016-12-8,0,0,1,1,NULL
7015400,2016-10-13,2017-3-15,0,0,18,7,NULL
7015400,2016-10-13,2017-8-26,151,507,834,202,
7015400,2016-10-13,2017-12-3,275,564,2457,378,
7015400,2016-10-13,2018-6-1,1457,1024,14073,1947,
7015400,2016-10-13,2018-9-1,1791,1070,17727,2398,
7015400,2016-10-13,2018-12-2,1886,1085,19767,2762,https://petercoding.com
7015400,2016-10-13,2019-6-2,2213,1248,24650,4058,https://petercoding.com
7015400,2016-10-13,2019-8-31,2399,1255,26908,4358,
7031230,2016-10-17,2016-12-11,36,661,2307,137,
7031230,2016-10-17,2017-6-11,253,1392,7462,602,http://data-dev.blogspot.com/
7031230,2016-10-17,2017-8-26,263,1516,8166,755,http://data-dev.blogspot.com/
7031230,2016-10-17,2017-12-3,271,1672,9701,884,http://data-dev.blogspot.com/
7031230,2016-10-17,2018-6-3,306,2325,14941,1267,http://data-dev.blogspot.com
7031230,2016-10-17,2018-9-1,309,2660,15641,1345,http://data-dev.blogspot.com
7031230,2016-10-17,2018-12-1,309,2714,16259,1425,http://data-dev.blogspot.com
7031230,2016-10-17,2019-6-2,357,3880,26397,2057,http://data-dev.blogspot.com
7031230,2016-10-17,2019-8-31,380,4146,28622,2274,http://data-dev.blogspot.com
7050130,2016-10-20,2016-12-9,5,11,847,12,NULL
7050130,2016-10-20,2017-6-9,82,61,5407,207,NULL
7050130,2016-10-20,2017-8-25,129,83,7620,284,NULL
7050130,2016-10-20,2017-12-1,169,100,9982,363,NULL
7050130,2016-10-20,2018-6-1,272,145,15060,544,NULL
7050130,2016-10-20,2018-9-2,356,186,17968,730,NULL
7050130,2016-10-20,2018-12-2,393,201,19351,810,NULL
7050130,2016-10-20,2019-6-1,483,235,22571,969,NULL
7050130,2016-10-20,2019-8-30,502,240,23778,1030,NULL
7053190,2016-10-21,2016-12-9,0,3,39,7,NULL
7053190,2016-10-21,2017-6-2,15,7,299,28,
7053190,2016-10-21,2017-8-25,32,9,2207,191,
7053190,2016-10-21,2017-12-2,112,41,4250,291,
7053190,2016-10-21,2018-6-2,698,889,12677,992,
7053190,2016-10-21,2018-9-1,1108,1062,19784,1754,
7053190,2016-10-21,2018-12-1,1339,1159,23222,2226,
7053190,2016-10-21,2019-6-1,1390,1220,24883,2494,
7053190,2016-10-21,2019-8-31,1391,1223,25157,2564,
7106086,2016-11-2,2016-12-11,0,9,186,2,NULL
7106086,2016-11-2,2017-6-11,28,363,3787,163,http://bl.ocks.org/andrew-reid
7106086,2016-11-2,2017-8-26,100,511,5481,245,http://bl.ocks.org/andrew-reid
7106086,2016-11-2,2017-12-3,145,758,8366,403,http://bl.ocks.org/andrew-reid
7106086,2016-11-2,2018-6-2,270,1242,13660,702,http://bl.ocks.org/andrew-reid
7106086,2016-11-2,2018-9-2,315,1436,16055,882,http://bl.ocks.org/andrew-reid
7106086,2016-11-2,2018-12-2,328,1473,16834,1003,http://bl.ocks.org/andrew-reid
7106086,2016-11-2,2019-6-2,346,1658,19704,1280,http://bl.ocks.org/andrew-reid
7106086,2016-11-2,2019-9-1,366,1739,21587,1417,http://bl.ocks.org/andrew-reid
7108653,2016-11-3,2016-12-11,0,0,146,6,https://tanaikech.github.io/
7108653,2016-11-3,2017-6-11,0,3,1703,88,
7108653,2016-11-3,2017-8-27,0,5,2758,226,
7108653,2016-11-3,2017-12-3,0,28,5893,1325,
7108653,2016-11-3,2018-6-3,0,113,12608,3760,
7108653,2016-11-3,2018-9-1,0,197,15761,5062,
7108653,2016-11-3,2018-12-2,0,281,18831,6270,
7108653,2016-11-3,2019-6-2,0,499,27559,8866,https://tanaikech.github.io/
7108653,2016-11-3,2019-9-1,0,679,34144,10183,https://tanaikech.github.io/
7128934,2016-11-7,2016-12-9,0,0,3,2,NULL
7128934,2016-11-7,2017-6-10,250,1105,7237,585,http://darshanbaral.com
7128934,2016-11-7,2017-8-27,277,1417,11198,802,http://darshanbaral.com
7128934,2016-11-7,2017-12-3,340,1675,15442,1042,http://darshanbaral.com
7128934,2016-11-7,2018-6-1,369,1769,17748,1202,http://darshanbaral.com
7128934,2016-11-7,2018-9-2,371,1774,18048,1231,https://www.darshanbaral.com/
7128934,2016-11-7,2018-12-2,371,1775,18408,1256,https://www.darshanbaral.com/
7128934,2016-11-7,2019-6-1,383,1907,20715,1519,https://www.darshanbaral.com/
7128934,2016-11-7,2019-8-31,395,1962,22695,2005,https://www.darshanbaral.com/
7132550,2016-11-8,2016-12-8,0,0,6,2,NULL
7132550,2016-11-8,2017-6-9,0,12,144,20,NULL
7132550,2016-11-8,2017-8-26,44,59,935,86,
7132550,2016-11-8,2017-12-2,490,440,2199,181,
7132550,2016-11-8,2018-6-2,634,821,6362,744,
7132550,2016-11-8,2018-9-1,641,1217,10290,1236,https://www.linkedin.com/in/micha%C5%82-turczyn-6851a2117/
7132550,2016-11-8,2018-12-1,641,1386,12970,1439,https://www.linkedin.com/in/micha%C5%82-turczyn-6851a2117/
7132550,2016-11-8,2019-6-1,641,1780,17838,1886,https://www.linkedin.com/in/micha%C5%82-turczyn-6851a2117/
7132550,2016-11-8,2019-9-1,641,1932,20172,2067,https://www.linkedin.com/in/micha%C5%82-turczyn-6851a2117/
7207392,2016-11-24,2016-11-26,0,0,1,0,NULL
7207392,2016-11-24,2017-5-12,1,152,7770,1382,NULL
7207392,2016-11-24,2017-5-12,1,152,7795,1409,NULL
7207392,2016-11-24,2017-12-3,1,188,10090,1974,NULL
7207392,2016-11-24,2018-6-3,1,470,23212,4015,NULL
7207392,2016-11-24,2018-8-25,1,504,25420,4492,NULL
7207392,2016-11-24,2018-12-2,1,566,28915,5080,NULL
7207392,2016-11-24,2019-6-2,1,648,32621,6339,NULL
7207392,2016-11-24,2019-9-1,1,700,34958,6825,NULL
7252182,2016-12-5,2016-12-10,1,6,642,7,
7252182,2016-12-5,2017-6-9,237,286,28882,1241,
7252182,2016-12-5,2017-8-25,360,379,40307,1754,
7252182,2016-12-5,2017-12-1,473,483,52639,2252,
7252182,2016-12-5,2018-6-1,552,576,64637,2712,
7252182,2016-12-5,2018-8-31,636,662,73387,3076,
7252182,2016-12-5,2018-11-29,719,725,79940,3325,
7252182,2016-12-5,2019-5-31,860,860,93283,3882,
7252182,2016-12-5,2019-8-30,925,936,99835,4129,
7294900,2016-12-14,2017-6-11,14,47,336,24,
7294900,2016-12-14,2017-8-25,280,495,3058,582,
7294900,2016-12-14,2017-12-3,396,746,6009,1107,
7294900,2016-12-14,2018-6-3,534,936,11812,1964,
7294900,2016-12-14,2018-9-2,602,1067,14071,2406,
7294900,2016-12-14,2018-12-2,684,1281,18787,3100,
7294900,2016-12-14,2019-6-2,975,1521,26091,4423,
7294900,2016-12-14,2019-9-1,1030,1742,30496,4999,
7296893,2016-12-14,2017-6-10,3,5,509,16,http://evona.nl
7296893,2016-12-14,2017-8-26,30,41,2352,123,http://evona.nl
7296893,2016-12-14,2017-12-2,187,128,5983,489,http://evona.nl
7296893,2016-12-14,2018-6-2,377,242,12463,1093,http://evona.nl
7296893,2016-12-14,2018-9-1,460,317,15157,1388,
7296893,2016-12-14,2018-12-1,534,363,17851,1715,
7296893,2016-12-14,2019-6-1,607,406,20581,2216,
7296893,2016-12-14,2019-8-31,639,417,21841,2378,
7297700,2016-12-14,2017-6-11,2,10,977,93,https://blogs.msdn.microsoft.com/dbrowne/
7297700,2016-12-14,2017-8-27,16,31,3540,413,https://blogs.msdn.microsoft.com/dbrowne/
7297700,2016-12-14,2017-12-3,27,56,5313,652,https://blogs.msdn.microsoft.com/dbrowne/
7297700,2016-12-14,2018-6-3,41,83,7696,975,https://blogs.msdn.microsoft.com/dbrowne/
7297700,2016-12-14,2018-9-2,46,122,10659,1354,https://blogs.msdn.microsoft.com/dbrowne/
7297700,2016-12-14,2018-12-2,53,168,13156,1714,https://blogs.msdn.microsoft.com/dbrowne/
7297700,2016-12-14,2019-6-2,64,284,19314,2481,https://blogs.msdn.microsoft.com/dbrowne/
7297700,2016-12-14,2019-9-1,75,365,22682,2915,https://blogs.msdn.microsoft.com/dbrowne/
7311767,2016-12-18,2017-6-11,244,1411,11165,1278,NULL
7311767,2016-12-18,2017-8-27,466,1667,12109,1532,
7311767,2016-12-18,2017-12-3,802,2000,13033,2373,
7311767,2016-12-18,2018-6-3,2087,2889,24178,8494,
7311767,2016-12-18,2018-9-2,2512,3333,26017,9275,
7311767,2016-12-18,2018-12-2,3032,3559,27425,10374,
7311767,2016-12-18,2019-6-2,3642,4013,31610,11865,
7311767,2016-12-18,2019-9-1,3784,4139,33036,12453,
7326738,2016-12-21,2017-6-10,19,323,1475,83,https://ajax12345.github.io/
7326738,2016-12-21,2017-8-27,41,728,4800,203,https://ajax12345.github.io/
7326738,2016-12-21,2017-12-3,125,1408,13868,798,https://ajax12345.github.io/
7326738,2016-12-21,2018-6-3,225,2017,31240,2131,https://ajax12345.github.io/
7326738,2016-12-21,2018-9-2,275,2176,35539,2650,https://ajax12345.github.io/
7326738,2016-12-21,2018-12-2,311,2355,39035,2930,https://ajax12345.github.io/
7326738,2016-12-21,2019-6-2,352,2621,44569,3396,https://ajax12345.github.io/
7326738,2016-12-21,2019-9-1,357,2813,47261,3594,https://ajax12345.github.io/
7328782,2016-12-22,2017-6-9,1,96,465,38,http://www.crisluengo.net
7328782,2016-12-22,2017-8-24,1,126,512,44,http://www.crisluengo.net
7328782,2016-12-22,2017-12-3,4,205,1050,87,http://www.crisluengo.net
7328782,2016-12-22,2018-6-2,120,1668,8590,1103,https://www.crisluengo.net
7328782,2016-12-22,2018-9-2,159,2285,13195,1710,https://www.crisluengo.net
7328782,2016-12-22,2018-12-2,194,2930,17259,2307,https://www.crisluengo.net
7328782,2016-12-22,2019-6-2,369,4023,25368,3552,https://www.crisluengo.net
7328782,2016-12-22,2019-9-1,443,4361,27917,3973,https://www.crisluengo.net
7429447,2017-1-17,2017-6-10,235,76,2185,465,
7429447,2017-1-17,2017-8-26,403,222,4438,899,
7429447,2017-1-17,2017-12-3,520,467,7593,1419,
7429447,2017-1-17,2018-6-3,926,1232,22248,3683,
7429447,2017-1-17,2018-9-1,1179,1633,29309,5007,
7429447,2017-1-17,2018-12-1,1284,2047,36367,6498,
7429447,2017-1-17,2019-6-2,2056,2935,50923,10155,
7429447,2017-1-17,2019-9-1,2469,3297,59220,12040,
7461381,2017-1-24,2017-6-10,22,47,2155,167,
7461381,2017-1-24,2017-8-26,22,65,2185,176,
7461381,2017-1-24,2017-12-3,44,109,3263,245,
7461381,2017-1-24,2018-6-2,509,246,11232,908,
7461381,2017-1-24,2018-9-2,622,290,16102,1210,
7461381,2017-1-24,2018-12-1,747,405,23183,1688,
7461381,2017-1-24,2019-6-2,915,604,32375,2529,
7461381,2017-1-24,2019-8-31,986,687,35809,2781,
7505395,2017-2-2,2017-6-9,0,0,1,0,https://www.xing.com/profile/Patrick_Artner
7505395,2017-2-2,2017-8-24,0,0,1,0,https://www.xing.com/profile/Patrick_Artner
7505395,2017-2-2,2017-12-2,38,193,1707,271,https://www.xing.com/profile/Patrick_Artner
7505395,2017-2-2,2018-6-2,662,1521,11928,1778,https://www.xing.com/profile/Patrick_Artner
7505395,2017-2-2,2018-9-1,1044,1839,14128,2236,https://www.xing.com/profile/Patrick_Artner
7505395,2017-2-2,2018-12-1,1872,2425,18897,2962,https://www.xing.com/profile/Patrick_Artner
7505395,2017-2-2,2019-6-1,4140,3219,28096,4567,https://www.xing.com/profile/Patrick_Artner
7505395,2017-2-2,2019-8-31,4501,3409,29654,4911,https://www.xing.com/profile/Patrick_Artner
7510657,2017-2-3,2017-6-11,0,27,318,30,NULL
7510657,2017-2-3,2017-8-25,2,37,452,42,NULL
7510657,2017-2-3,2017-12-3,5,40,381,66,NULL
7510657,2017-2-3,2018-6-3,9,139,1911,289,
7510657,2017-2-3,2018-9-2,42,542,7320,930,
7510657,2017-2-3,2018-12-2,67,890,11860,1437,
7510657,2017-2-3,2019-6-2,88,1427,20913,2256,
7510657,2017-2-3,2019-9-1,91,1542,23483,2487,https://mailchi.mp/2a4245e91b82/me
7579471,2017-2-17,2017-6-11,229,373,6504,425,
7579471,2017-2-17,2017-8-27,260,406,8913,624,
7579471,2017-2-17,2017-12-3,271,412,11101,801,
7579471,2017-2-17,2018-6-3,295,436,15462,1211,
7579471,2017-2-17,2018-9-2,299,438,17252,1394,
7579471,2017-2-17,2018-11-30,299,438,18910,1463,
7579471,2017-2-17,2019-5-30,299,439,22502,1616,
7579471,2017-2-17,2019-8-31,299,439,24093,1684,
7666442,2017-3-6,2017-6-10,39,22,452,134,
7666442,2017-3-6,2017-8-26,669,116,4465,1114,
7666442,2017-3-6,2017-12-2,1947,304,1,2812,
7666442,2017-3-6,2018-6-2,3357,1019,19113,6662,
7666442,2017-3-6,2018-9-2,4013,1277,24050,9211,
7666442,2017-3-6,2018-12-1,4271,1408,28571,10977,
7666442,2017-3-6,2019-6-1,4762,1755,35710,13935,
7666442,2017-3-6,2019-8-31,4938,1856,38731,15000,
7669809,2017-3-7,2017-6-11,453,363,1260,89,
7669809,2017-3-7,2017-8-27,1075,1060,5013,394,
7669809,2017-3-7,2017-12-3,1640,1913,11206,804,
7669809,2017-3-7,2018-6-3,2511,3162,20592,1994,
7669809,2017-3-7,2018-9-2,2811,3594,23376,2747,
7669809,2017-3-7,2018-12-2,3017,3886,25518,3146,
7669809,2017-3-7,2019-6-1,3340,4617,29326,4054,
7669809,2017-3-7,2019-9-1,3383,4770,30051,4211,
7860670,2017-4-13,2017-6-10,12,23,3470,204,http://vtt.to
7860670,2017-4-13,2017-8-26,44,63,6710,435,http://vtt.to
7860670,2017-4-13,2017-12-3,119,119,10812,762,http://vtt.to
7860670,2017-4-13,2018-6-2,351,256,17392,1308,http://vtt.to
7860670,2017-4-13,2018-9-1,500,338,21115,1613,http://vtt.to
7860670,2017-4-13,2018-12-1,695,403,23289,1839,http://vtt.to
7860670,2017-4-13,2019-6-1,1245,567,27200,2328,https://vtt.to
7860670,2017-4-13,2019-8-31,1528,610,28271,2509,https://vtt.to
7964527,2017-5-4,2017-6-10,0,5,105,23,
7964527,2017-5-4,2017-8-27,37,161,4434,309,
7964527,2017-5-4,2017-12-3,132,758,21789,1305,
7964527,2017-5-4,2018-6-3,253,2078,59982,3814,https://stackoverflow.com/users/7964527/wen
7964527,2017-5-4,2018-9-2,347,2514,77390,4991,https://stackoverflow.com/users/7964527/wen
7964527,2017-5-4,2018-12-2,406,2988,95064,6271,https://stackoverflow.com/users/7964527/wen
7964527,2017-5-4,2019-6-2,573,4201,137258,11879,https://stackoverflow.com/users/7964527/wen
7964527,2017-5-4,2019-9-1,663,4644,156531,14178,https://stackoverflow.com/users/7964527/wen
7976758,2017-5-7,2017-6-10,0,174,717,45,http://phdru.name/
7976758,2017-5-7,2017-8-27,96,622,4747,412,http://phdru.name/
7976758,2017-5-7,2017-11-20,489,912,7310,618,http://phdru.name/
7976758,2017-5-7,2018-6-2,1230,1640,14415,1202,http://phdru.name/
7976758,2017-5-7,2018-9-2,1769,1853,17631,1541,http://phdru.name/
7976758,2017-5-7,2018-12-1,2227,1983,19773,1854,http://phdru.name/
7976758,2017-5-7,2019-6-1,2777,2573,26630,2631,http://phdru.name/
7976758,2017-5-7,2019-9-1,3164,2831,30453,3054,http://phdru.name/
7998591,2017-5-11,2017-6-9,0,0,11,2,NULL
7998591,2017-5-11,2017-8-27,5,14,656,58,https://www.quora.com/profile/Kaushik-j-Nayak
7998591,2017-5-11,2017-12-3,20,44,3853,333,https://www.quora.com/profile/Kaushik-j-Nayak
7998591,2017-5-11,2018-6-3,260,784,11021,905,https://www.quora.com/profile/Kaushik-j-Nayak
7998591,2017-5-11,2018-9-2,360,993,13183,1092,https://www.quora.com/profile/Kaushik-j-Nayak
7998591,2017-5-11,2018-12-2,384,1147,16543,1283,https://www.quora.com/profile/Kaushik-j-Nayak
7998591,2017-5-11,2019-6-2,574,1372,23813,1772,https://www.quora.com/profile/Kaushik-j-Nayak
7998591,2017-5-11,2019-8-30,622,1470,25957,1945,https://www.quora.com/profile/Kaushik-j-Nayak
8016720,2017-5-15,2017-5-18,0,0,36,1,NULL
8016720,2017-5-15,2017-12-3,2,193,3896,275,https://www.neoprime.io
8016720,2017-5-15,2018-6-2,3,360,6208,498,https://www.neoprime.io
8016720,2017-5-15,2018-9-2,7,474,8212,686,https://www.neoprime.io
8016720,2017-5-15,2018-12-2,7,720,11350,1227,https://www.neoprime.io
8016720,2017-5-15,2019-6-2,10,1206,18876,2484,https://www.jhanley.com
8016720,2017-5-15,2019-9-1,25,1367,22657,3168,https://www.jhanley.com
8073652,2017-5-27,2017-6-9,0,4,36,0,https://blog.simon-wirtz.de
8073652,2017-5-27,2017-8-27,8,94,878,49,https://blog.simon-wirtz.de
8073652,2017-5-27,2017-12-2,25,370,5615,367,https://blog.simon-wirtz.de
8073652,2017-5-27,2018-6-3,82,675,17421,1127,https://kotlinexpertise.com
8073652,2017-5-27,2018-9-2,85,705,20708,1335,https://kotlinexpertise.com
8073652,2017-5-27,2018-12-2,92,718,24264,1577,https://kotlinexpertise.com
8073652,2017-5-27,2019-6-1,113,733,32149,2094,https://kotlinexpertise.com
8073652,2017-5-27,2019-9-1,117,736,35307,2276,https://kotlinexpertise.com
8200937,2017-6-22,2017-8-26,5,245,2970,116,
8200937,2017-6-22,2017-12-2,58,1010,10453,441,
8200937,2017-6-22,2018-6-3,159,1216,16688,737,
8200937,2017-6-22,2018-9-1,160,1270,18186,819,
8200937,2017-6-22,2018-12-1,162,1298,19896,899,
8200937,2017-6-22,2019-6-1,169,1362,23258,1037,
8200937,2017-6-22,2019-8-31,169,1374,24843,1093,
8245406,2017-7-2,2017-8-26,12,77,2070,88,NULL
8245406,2017-7-2,2017-12-2,67,494,5470,371,NULL
8245406,2017-7-2,2018-6-2,106,1417,8218,738,NULL
8245406,2017-7-2,2018-9-1,140,2366,11945,1107,NULL
8245406,2017-7-2,2018-12-1,159,3059,14965,1417,NULL
8245406,2017-7-2,2019-6-1,191,4176,19410,1946,NULL
8245406,2017-7-2,2019-8-31,217,5112,23413,2345,NULL
8283848,2017-7-10,2017-8-25,0,15,49,4,
8283848,2017-7-10,2017-12-1,0,28,58,33,
8283848,2017-7-10,2018-6-1,51,138,3137,435,
8283848,2017-7-10,2018-9-2,84,318,8701,1019,
8283848,2017-7-10,2018-12-2,97,465,12518,1378,
8283848,2017-7-10,2019-6-2,137,760,19989,2115,
8283848,2017-7-10,2019-9-1,154,889,22279,2427,
8298909,2017-7-12,2017-8-26,5,10,3440,223,
8298909,2017-7-12,2017-12-2,16,23,7561,441,
8298909,2017-7-12,2018-6-2,60,59,13592,848,
8298909,2017-7-12,2018-9-2,82,72,15894,971,
8298909,2017-7-12,2018-12-2,175,156,21264,1310,
8298909,2017-7-12,2019-6-2,191,225,26191,1634,
8298909,2017-7-12,2019-8-31,205,265,28962,1782,
8394265,2017-7-31,2017-8-27,0,2,111,11,NULL
8394265,2017-7-31,2017-12-3,6,13,1016,81,NULL
8394265,2017-7-31,2018-6-3,41,66,7680,588,
8394265,2017-7-31,2018-9-2,71,112,14581,1243,
8394265,2017-7-31,2018-12-2,101,146,21571,1867,
8394265,2017-7-31,2019-6-2,171,192,44169,4359,
8394265,2017-7-31,2019-9-1,215,211,57396,5813,
8620333,2017-9-16,2017-12-2,1579,351,6544,703,http://www.temani-afif.com/
8620333,2017-9-16,2018-6-3,6671,1031,36057,5451,https://www.temani-afif.com/
8620333,2017-9-16,2018-9-2,8925,1388,49936,8001,https://www.temani-afif.com/so
8620333,2017-9-16,2018-12-2,10605,1664,61042,9678,https://www.temani-afif.com/so
8620333,2017-9-16,2019-6-2,13191,2438,89028,14006,https://temani-afif.com/so
8620333,2017-9-16,2019-9-1,14450,2756,101124,16520,https://temani-afif.com/so
8708364,2017-10-2,2017-12-1,0,2,53,8,
8708364,2017-10-2,2018-6-3,33,8,312,58,
8708364,2017-10-2,2018-9-2,270,397,3931,798,
8708364,2017-10-2,2018-11-30,484,864,10244,1570,
8708364,2017-10-2,2019-6-2,886,1756,20933,3438,
8708364,2017-10-2,2019-9-1,1025,2125,28518,4181,
9072753,2017-12-8,2018-6-3,17,8,1510,59,http://www.dyzio.pl
9072753,2017-12-8,2018-9-1,57,42,3619,282,http://www.dyzio.pl
9072753,2017-12-8,2018-12-2,152,128,7837,668,http://www.dyzio.pl
9072753,2017-12-8,2019-6-1,366,571,16152,1441,http://www.dyzio.pl
9072753,2017-12-8,2019-9-1,484,845,20414,1994,http://www.dyzio.pl
9097906,2017-12-14,2018-6-3,2,455,9598,792,
9097906,2017-12-14,2018-9-1,2,984,14615,1066,
9097906,2017-12-14,2018-12-2,2,1457,18587,1286,
9097906,2017-12-14,2019-6-2,5,2083,28791,1813,
9097906,2017-12-14,2019-9-1,6,2322,32963,2208,
9209546,2018-1-12,2018-6-3,1133,3136,37271,6330,
9209546,2018-1-12,2018-9-2,2042,4964,61556,10114,
9209546,2018-1-12,2018-12-1,2895,6644,85581,14471,
9209546,2018-1-12,2019-6-1,3445,7755,104279,17297,
9209546,2018-1-12,2019-8-31,3483,7841,106922,17839,
9473764,2018-3-11,2018-6-2,24,49,5444,524,
9473764,2018-3-11,2018-9-2,41,96,10025,839,
9473764,2018-3-11,2018-12-2,487,241,20586,1677,
9473764,2018-3-11,2019-6-2,1174,599,48221,4314,
9473764,2018-3-11,2019-9-1,1244,658,51805,4648,
9515207,2018-3-19,2018-6-3,49,846,21915,4156,
9515207,2018-3-19,2018-9-2,3049,1501,46066,8173,
9515207,2018-3-19,2018-12-2,5963,1902,68452,12807,
9515207,2018-3-19,2019-6-2,12006,2483,109998,20289,
9515207,2018-3-19,2019-9-1,16841,2677,128217,23119,
9593596,2018-4-3,2018-4-4,0,0,1,0,
9593596,2018-4-3,2018-9-1,54,727,5546,416,
9593596,2018-4-3,2018-12-1,85,1130,9851,625,
9593596,2018-4-3,2019-6-1,102,1520,18168,1476,
9593596,2018-4-3,2019-8-31,108,1690,25306,2109,
9624435,2018-4-10,2018-5-24,0,0,13,3,NULL
9624435,2018-4-10,2018-7-8,0,0,13,3,NULL
9624435,2018-4-10,2018-12-2,1,5,219,24,
9624435,2018-4-10,2019-6-2,469,386,14845,1600,
9624435,2018-4-10,2019-9-1,676,651,22836,2298,
9661424,2018-4-17,2018-6-3,723,484,2836,312,
9661424,2018-4-17,2018-9-2,1923,1733,8603,761,
9661424,2018-4-17,2018-11-28,2250,2050,10879,1037,
9661424,2018-4-17,2019-6-2,3796,3330,20051,2054,
9661424,2018-4-17,2019-8-30,4599,3659,22022,2237,
9698684,2018-4-25,2018-6-1,0,7,59,5,NULL
9698684,2018-4-25,2018-8-31,0,13,84,19,NULL
9698684,2018-4-25,2018-12-1,30,95,1438,102,
9698684,2018-4-25,2019-6-1,264,1551,23056,1723,
9698684,2018-4-25,2019-8-31,327,1920,31261,2265,
9819146,2018-5-20,2018-5-20,0,0,1,2,NULL
9819146,2018-5-20,2018-8-29,0,0,1,2,NULL
9819146,2018-5-20,2018-11-7,0,0,1,2,NULL
9819146,2018-5-20,2019-6-2,300,1188,20269,1967,NULL
9819146,2018-5-20,2019-9-1,368,1326,23622,2271,NULL
9840637,2018-5-24,2018-6-1,0,0,1,2,
9840637,2018-5-24,2018-9-2,0,48,116,24,
9840637,2018-5-24,2018-12-2,5,159,589,83,
9840637,2018-5-24,2019-6-2,153,1837,15406,1235,https://www.linkedin.com/in/ankan-mukherjee-0378a1b0/
9840637,2018-5-24,2019-9-1,270,2905,23996,1897,https://www.linkedin.com/in/ankan-mukherjee-0378a1b0/
9867451,2018-5-30,2018-5-30,0,0,1,6,NULL
9867451,2016-7-27,2018-9-2,140,2448,19478,1710,NULL
9867451,2016-7-27,2018-12-2,153,2858,21124,1840,
9867451,2016-7-27,2019-5-29,156,3218,22557,2023,
9867451,2016-7-27,2019-8-27,156,3247,22894,2055,
10008173,2018-6-28,2018-9-2,103,130,3680,363,
10008173,2018-6-28,2018-12-2,145,212,8428,713,
10008173,2018-6-28,2019-6-2,417,306,18611,1529,
10008173,2018-6-28,2019-9-1,534,344,23754,1937,
10035985,2018-7-5,2018-8-31,20,140,7154,946,
10035985,2018-7-5,2018-12-1,20,141,7279,978,
10035985,2018-7-5,2019-6-1,20,147,7598,1023,
10035985,2018-7-5,2019-8-31,33,344,20347,2106,
10190237,2018-8-7,2018-9-2,1,17,1639,87,
10190237,2018-8-7,2018-12-2,10,122,8743,372,
10190237,2018-8-7,2019-6-2,160,444,21709,927,
10190237,2018-8-7,2019-9-1,168,454,22147,957,
10221765,2018-8-13,2018-9-2,23,549,1031,159,http://cgs-jack-bashford.github.io
10221765,2018-8-13,2018-12-2,541,1401,3421,721,https://jackbashford.com
10221765,2018-8-13,2019-6-2,1508,4162,23887,3752,
10221765,2018-8-13,2019-9-1,1701,5100,33597,5138,
10498828,2018-10-13,2018-12-1,171,22,4997,367,NULL
10498828,2018-10-13,2019-6-1,1554,194,27441,1498,NULL
10498828,2018-10-13,2019-8-31,2545,329,42199,2151,NULL
10676716,2018-11-19,2018-12-2,1,14,564,27,NULL
10676716,2018-11-19,2019-6-1,2,1017,22187,1640,
10676716,2018-11-19,2019-9-1,2,1018,22360,1670,
