Id,Version,CreationDate,LastAccessDate,Reputation,UpVotes,WebsiteUrl
5740031,1,2016-1-3,2016-3-6,317,3,http://codefuller.com/
5740031,2,2016-1-3,2016-12-10,1188,362,http://codefuller.com/
5740031,3,2016-1-3,2017-6-10,3496,487,http://codefuller.com/
5740031,4,2016-1-3,2017-8-25,3506,531,http://codefuller.com/
5740031,5,2016-1-3,2017-12-2,6313,624,http://codefuller.com/
5740031,6,2016-1-3,2018-6-1,19243,1009,http://codefuller.com/
5740031,7,2016-1-3,2018-9-2,20091,1064,http://codefuller.com/
5740031,8,2016-1-3,2018-12-1,20929,1095,http://codefuller.com/
5740031,9,2016-1-3,2019-6-1,22326,1147,http://codefuller.com/
5740031,10,2016-1-3,2019-9-1,22962,1180,http://codefuller.com/
5741205,1,2016-1-3,2016-3-5,1986,142,
5741205,2,2016-1-3,2016-12-10,32411,2510,
5741205,3,2016-1-3,2017-6-10,58821,4912,https://www.linkedin.com/in/maxuzunov/
5741205,4,2016-1-3,2017-8-26,69940,5746,https://www.linkedin.com/in/maxuzunov/
5741205,5,2016-1-3,2017-12-2,83732,6781,https://www.linkedin.com/in/maxuzunov/
5741205,6,2016-1-3,2018-6-1,105652,8279,https://www.linkedin.com/in/maxuzunov/
5741205,7,2016-1-3,2018-9-2,112153,8532,https://www.linkedin.com/in/maxuzunov/
5741205,8,2016-1-3,2018-12-1,117790,8624,https://www.linkedin.com/in/maxuzunov/
5741205,9,2016-1-3,2019-6-2,128178,8803,https://www.linkedin.com/in/maxuzunov/
5741205,10,2016-1-3,2019-8-31,133819,8971,https://www.linkedin.com/in/maxuzunov/
5743988,1,2016-1-4,2016-3-6,180,31,http://castletheperson.com
5743988,2,2016-1-4,2016-12-11,10953,870,http://www.castletheperson.com
5743988,3,2016-1-4,2017-6-11,14758,1134,https://www.linkedin.com/in/castlekerr/
5743988,4,2016-1-4,2017-8-27,15927,1210,https://www.linkedin.com/in/castlekerr/
5743988,5,2016-1-4,2017-12-3,17368,1302,https://www.linkedin.com/in/castlekerr/
5743988,6,2016-1-4,2018-6-2,19325,1384,https://www.linkedin.com/in/castlekerr/
5743988,7,2016-1-4,2018-9-2,20106,1402,https://www.linkedin.com/in/castlekerr/
5743988,8,2016-1-4,2018-12-1,20761,1421,https://www.linkedin.com/in/castlekerr/
5743988,9,2016-1-4,2019-6-2,22539,1492,https://www.linkedin.com/in/castlekerr/
5743988,10,2016-1-4,2019-9-1,23469,1507,https://www.linkedin.com/in/castlekerr/
5761558,1,2016-1-8,2016-3-5,552,4,NULL
5761558,2,2016-1-8,2016-12-8,1422,18,NULL
5761558,3,2016-1-8,2017-6-10,1655,21,NULL
5761558,4,2016-1-8,2017-8-26,1850,23,NULL
5761558,5,2016-1-8,2017-12-2,1860,24,NULL
5761558,6,2016-1-8,2018-6-2,7850,400,
5761558,7,2016-1-8,2018-9-1,13263,836,
5761558,8,2016-1-8,2018-12-1,18101,1172,
5761558,9,2016-1-8,2019-6-1,25718,1914,
5761558,10,2016-1-8,2019-9-1,27004,2124,
5768908,1,2016-1-10,2016-3-5,56,2,http://gf.neocities.com
5768908,2,2016-1-10,2016-12-11,14194,2784,http://gf.neocities.org
5768908,3,2016-1-10,2017-6-11,31874,4061,http://gf.neocities.org
5768908,4,2016-1-10,2017-8-27,37646,4499,http://gf.neocities.org
5768908,5,2016-1-10,2017-12-3,45513,5080,http://gf.neocities.org
5768908,6,2016-1-10,2018-6-3,55867,5997,http://gf.neocities.org
5768908,7,2016-1-10,2018-9-2,60650,6481,https://www.gerardofurtado.com
5768908,8,2016-1-10,2018-12-2,62858,6638,https://www.gerardofurtado.com
5768908,9,2016-1-10,2019-6-2,70351,7426,https://www.gerardofurtado.com
5768908,10,2016-1-10,2019-9-1,74059,7786,https://www.gerardofurtado.com
5771269,1,2016-1-10,2016-3-6,1160,16,NULL
5771269,2,2016-1-10,2016-12-11,6634,95,NULL
5771269,3,2016-1-10,2017-6-10,8660,120,
5771269,4,2016-1-10,2017-8-27,9945,139,
5771269,5,2016-1-10,2017-12-3,11881,181,
5771269,6,2016-1-10,2018-6-3,14353,256,
5771269,7,2016-1-10,2018-9-2,15217,264,
5771269,8,2016-1-10,2018-12-2,16634,290,
5771269,9,2016-1-10,2019-6-2,21303,351,
5771269,10,2016-1-10,2019-9-1,22753,375,
5772882,1,2016-1-11,2016-3-4,16,0,
5772882,2,2016-1-11,2016-12-10,2390,321,http://ole.villumsen.name/
5772882,3,2016-1-11,2017-6-10,7790,1052,http://ole.villumsen.name/
5772882,4,2016-1-11,2017-8-25,9689,1248,http://ole.villumsen.name/
5772882,5,2016-1-11,2017-12-2,11354,1488,http://ole.villumsen.name/
5772882,6,2016-1-11,2018-6-2,18517,2228,http://ole.villumsen.name/
5772882,7,2016-1-11,2018-9-1,21940,2639,http://ole.villumsen.name/
5772882,8,2016-1-11,2018-12-2,25794,3046,http://ole.villumsen.name/
5772882,9,2016-1-11,2019-6-2,33993,3812,http://ole.villumsen.name/
5772882,10,2016-1-11,2019-9-1,37277,4140,http://ole.villumsen.name/
5801661,1,2016-1-17,2016-3-4,652,13,NULL
5801661,2,2016-1-17,2016-12-10,7741,346,NULL
5801661,3,2016-1-17,2017-6-10,12936,734,
5801661,4,2016-1-17,2017-8-26,14349,864,
5801661,5,2016-1-17,2017-12-2,15971,995,
5801661,6,2016-1-17,2018-6-3,18619,1253,
5801661,7,2016-1-17,2018-9-1,19519,1369,
5801661,8,2016-1-17,2018-12-1,21533,1521,
5801661,9,2016-1-17,2019-6-1,23526,1724,
5801661,10,2016-1-17,2019-8-31,24604,1828,
5820010,1,2016-1-21,2016-3-3,1,0,NULL
5820010,2,2016-1-21,2016-4-30,1,0,NULL
5820010,3,2016-1-21,2017-6-8,1,0,NULL
5820010,4,2016-1-21,2017-8-24,1,0,NULL
5820010,5,2016-1-21,2017-12-2,1,0,NULL
5820010,6,2016-1-21,2018-6-2,15022,41,
5820010,7,2016-1-21,2018-9-2,25725,81,
5820010,8,2016-1-21,2018-12-2,35678,165,
5820010,9,2016-1-21,2019-6-2,53530,311,
5820010,10,2016-1-21,2019-8-31,60380,334,
5836671,1,2016-1-25,2016-3-4,1,0,NULL
5836671,2,2016-1-25,2016-12-11,3720,178,http://www.vanderwaal.eu
5836671,3,2016-1-25,2017-6-10,10376,630,http://www.vanderwaal.eu
5836671,4,2016-1-25,2017-8-26,12313,714,http://www.vanderwaal.eu
5836671,5,2016-1-25,2017-12-2,14812,877,http://www.vanderwaal.eu
5836671,6,2016-1-25,2018-6-2,18711,1085,http://www.vanderwaal.eu
5836671,7,2016-1-25,2018-9-1,20303,1217,http://www.vanderwaal.eu
5836671,8,2016-1-25,2018-12-1,22312,1365,http://www.vanderwaal.eu
5836671,9,2016-1-25,2019-6-1,25451,1674,http://www.vanderwaal.eu
5836671,10,2016-1-25,2019-8-29,26638,1805,http://www.vanderwaal.eu
5841306,1,2016-1-26,2016-3-4,1,0,NULL
5841306,2,2016-1-26,2016-12-9,1,0,NULL
5841306,3,2016-1-26,2017-6-10,112,8,https://pk.linkedin.com/in/barbaros-%C3%B6zhan-3a421054/
5841306,4,2016-1-26,2017-8-26,197,26,https://pk.linkedin.com/in/barbaros-%C3%B6zhan-3a421054/
5841306,5,2016-1-26,2017-12-2,1379,124,https://pk.linkedin.com/in/barbaros-%C3%B6zhan-3a421054/
5841306,6,2016-1-26,2018-6-3,5929,564,https://pk.linkedin.com/in/barbaros-%C3%B6zhan-3a421054/
5841306,7,2016-1-26,2018-9-2,8091,766,https://pk.linkedin.com/in/barbaros-%C3%B6zhan-3a421054/
5841306,8,2016-1-26,2018-12-2,11397,1119,https://pk.linkedin.com/in/barbaros-%C3%B6zhan-3a421054/
5841306,9,2016-1-26,2019-6-2,17242,1895,https://pk.linkedin.com/in/barbaros-%C3%B6zhan-3a421054/
5841306,10,2016-1-26,2019-8-31,20944,2407,https://pk.linkedin.com/in/barbaros-%C3%B6zhan-3a421054/
5858851,1,2016-1-29,2016-3-1,1,0,NULL
5858851,2,2016-1-29,2016-12-9,91,3,NULL
5858851,3,2016-1-29,2017-6-10,101,4,NULL
5858851,4,2016-1-29,2017-7-10,101,4,NULL
5858851,5,2016-1-29,2017-12-3,345,35,
5858851,6,2016-1-29,2018-6-3,8163,1747,
5858851,7,2016-1-29,2018-9-2,10827,2044,
5858851,8,2016-1-29,2018-12-2,13347,2271,
5858851,9,2016-1-29,2019-6-2,18740,2643,
5858851,10,2016-1-29,2019-9-1,21090,2858,
5862071,1,2016-1-30,2016-2-3,1,0,NULL
5862071,2,2016-1-30,2016-12-10,1,0,
5862071,3,2016-1-30,2017-6-11,7256,478,
5862071,4,2016-1-30,2017-8-26,8035,505,
5862071,5,2016-1-30,2017-12-3,11455,631,
5862071,6,2016-1-30,2018-6-3,23886,1037,
5862071,7,2016-1-30,2018-9-1,29515,1170,
5862071,8,2016-1-30,2018-12-2,32930,1237,https://www.linkedin.com/in/ousmane-diaw-86963a128/
5862071,9,2016-1-30,2019-6-1,43121,1426,https://www.linkedin.com/in/ousmane-diaw-86963a128/
5862071,10,2016-1-30,2019-8-29,43696,1428,https://www.linkedin.com/in/ousmane-diaw-86963a128/
5866580,1,2016-2-1,2016-2-29,1,0,NULL
5866580,2,2016-2-1,2016-10-13,1,0,NULL
5866580,3,2016-2-1,2017-6-10,1874,113,
5866580,4,2016-2-1,2017-8-26,3362,164,
5866580,5,2016-2-1,2017-12-3,6096,363,
5866580,6,2016-2-1,2018-6-3,15381,1730,
5866580,7,2016-2-1,2018-9-2,21027,1995,
5866580,8,2016-2-1,2018-12-2,24311,2051,
5866580,9,2016-2-1,2019-6-2,31969,2220,
5866580,10,2016-2-1,2019-9-1,33766,2258,
5880706,1,2016-2-4,2016-3-4,1,0,NULL
5880706,2,2016-2-4,2016-3-7,1,0,NULL
5880706,3,2016-2-4,2017-6-11,2181,71,https://hadoopinku.wordpress.com/
5880706,4,2016-2-4,2017-8-27,6653,112,https://hadoopinku.wordpress.com/
5880706,5,2016-2-4,2017-12-2,9661,164,https://hadoopinku.wordpress.com/
5880706,6,2016-2-4,2018-6-3,20511,358,https://hadoopandspark.wordpress.com/
5880706,7,2016-2-4,2018-9-2,24737,405,https://hadoopandspark.wordpress.com/
5880706,8,2016-2-4,2018-12-2,26513,422,https://hadoopandspark.wordpress.com/
5880706,9,2016-2-4,2019-6-2,28893,464,https://hadoopandspark.wordpress.com/
5880706,10,2016-2-4,2019-8-30,29862,486,https://hadoopandspark.wordpress.com/
5892036,1,2016-2-6,2016-3-5,758,2,http://sven.schoenung.org
5892036,2,2016-2-6,2016-12-10,9715,52,http://sven.schoenung.org
5892036,3,2016-2-6,2017-6-9,12429,61,http://sven.schoenung.org
5892036,4,2016-2-6,2017-8-24,13069,61,http://sven.schoenung.org
5892036,5,2016-2-6,2017-11-23,13764,61,http://sven.schoenung.org
5892036,6,2016-2-6,2018-5-30,15494,61,http://sven.schoenung.org
5892036,7,2016-2-6,2018-9-1,16512,62,http://sven.schoenung.org
5892036,8,2016-2-6,2018-11-30,17782,62,http://sven.schoenung.org
5892036,9,2016-2-6,2019-6-1,21693,64,http://sven.schoenung.org
5892036,10,2016-2-6,2019-8-31,22843,64,http://sven.schoenung.org
5910058,1,2016-2-10,2016-3-5,58,19,
5910058,2,2016-2-10,2016-12-10,5887,1523,
5910058,3,2016-2-10,2017-6-11,8360,2301,
5910058,4,2016-2-10,2017-8-26,10031,2627,
5910058,5,2016-2-10,2017-12-3,10447,2903,
5910058,6,2016-2-10,2018-6-3,12851,3569,
5910058,7,2016-2-10,2018-9-2,14174,3900,
5910058,8,2016-2-10,2018-12-1,15646,4218,
5910058,9,2016-2-10,2019-6-2,18976,4843,
5910058,10,2016-2-10,2019-8-31,21340,5173,
5928186,1,2016-2-15,2016-3-5,1,0,NULL
5928186,2,2016-2-15,2016-12-11,7014,964,
5928186,3,2016-2-15,2017-6-10,19114,1594,
5928186,4,2016-2-15,2017-8-26,24509,1846,
5928186,5,2016-2-15,2017-12-2,30979,2120,
5928186,6,2016-2-15,2018-6-2,53909,2524,
5928186,7,2016-2-15,2018-9-2,63989,2615,
5928186,8,2016-2-15,2018-12-1,75593,2727,
5928186,9,2016-2-15,2019-6-1,104166,3027,
5928186,10,2016-2-15,2019-8-31,116050,3050,
5933656,1,2016-2-16,2016-3-4,1,0,NULL
5933656,2,2016-2-16,2016-12-10,8509,800,
5933656,3,2016-2-16,2017-6-11,11919,1401,
5933656,4,2016-2-16,2017-8-27,12484,1497,
5933656,5,2016-2-16,2017-12-2,13328,2022,
5933656,6,2016-2-16,2018-6-2,16069,2635,
5933656,7,2016-2-16,2018-9-2,16900,2742,
5933656,8,2016-2-16,2018-12-1,19079,2907,
5933656,9,2016-2-16,2019-6-1,22035,3159,
5933656,10,2016-2-16,2019-9-1,23221,3212,
5947043,1,2016-2-18,2016-3-4,76,2,
5947043,2,2016-2-18,2016-12-9,3626,356,
5947043,3,2016-2-18,2017-6-10,7214,871,
5947043,4,2016-2-18,2017-8-26,9466,1108,
5947043,5,2016-2-18,2017-12-2,11882,1465,
5947043,6,2016-2-18,2018-6-3,17265,2304,
5947043,7,2016-2-18,2018-9-1,19857,2877,
5947043,8,2016-2-18,2018-12-1,22171,3521,
5947043,9,2016-2-18,2019-6-1,27184,4731,
5947043,10,2016-2-18,2019-8-31,29310,5307,
5958455,1,2016-2-21,2016-2-21,1,0,NULL
5958455,2,2016-2-21,2016-10-7,1,0,NULL
5958455,3,2016-2-21,2017-6-10,203,23,NULL
5958455,4,2016-2-21,2017-8-27,1057,99,NULL
5958455,5,2016-2-21,2017-12-3,4322,312,https://iBug.github.io
5958455,6,2016-2-21,2018-6-2,13304,769,https://ibug.github.io
5958455,7,2016-2-21,2018-9-2,14271,813,https://ibug.github.io
5958455,8,2016-2-21,2018-12-2,16643,924,https://ibug.github.io
5958455,9,2016-2-21,2019-6-2,22005,1228,https://iBugOne.com
5958455,10,2016-2-21,2019-9-1,22681,1295,https://ibugone.com
5974433,1,2016-2-24,2016-3-5,1,0,NULL
5974433,2,2016-2-24,2016-12-10,2368,1021,
5974433,3,2016-2-24,2017-6-10,7691,1891,
5974433,4,2016-2-24,2017-8-26,9684,2139,
5974433,5,2016-2-24,2017-12-2,12319,2469,
5974433,6,2016-2-24,2018-5-26,17396,2869,
5974433,7,2016-2-24,2018-5-26,18997,2869,
5974433,8,2016-2-24,2018-11-21,20761,2869,
5974433,9,2016-2-24,2019-5-27,24234,2872,
5974433,10,2016-2-24,2019-8-31,25569,2892,
6022656,1,2016-3-5,2016-3-6,8,0,NULL
6022656,2,2016-3-5,2016-12-11,7134,991,
6022656,3,2016-3-5,2017-6-11,12854,1558,
6022656,4,2016-3-5,2017-8-27,14620,1737,
6022656,5,2016-3-5,2017-12-3,19122,2099,
6022656,6,2016-3-5,2018-6-3,25865,2664,
6022656,7,2016-3-5,2018-9-1,29241,2809,
6022656,8,2016-3-5,2018-12-2,33160,2967,
6022656,9,2016-3-5,2019-6-2,41683,3296,
6022656,10,2016-3-5,2019-8-31,45254,3415,
6024220,1,2016-3-6,2016-3-6,1,0,NULL
6024220,2,2016-3-6,2016-12-8,21,1,NULL
6024220,3,2016-3-6,2017-6-11,21,5,NULL
6024220,4,2016-3-6,2017-8-27,1579,14,
6024220,5,2016-3-6,2017-12-2,3581,20,
6024220,6,2016-3-6,2018-6-3,7154,37,
6024220,7,2016-3-6,2018-9-1,8126,40,
6024220,8,2016-3-6,2018-12-2,11702,48,
6024220,9,2016-3-6,2019-6-2,20156,294,
6024220,10,2016-3-6,2019-9-1,25170,484,
6067741,1,2016-3-15,2016-12-10,2378,43,http://4c74356b41.com
6067741,2,2016-3-15,2017-6-10,8362,126,http://4c74356b41.com
6067741,3,2016-3-15,2017-8-26,10781,143,http://4c74356b41.com
6067741,4,2016-3-15,2017-12-2,13105,152,http://4c74356b41.com
6067741,5,2016-3-15,2018-6-2,17080,198,http://4c74356b41.com
6067741,6,2016-3-15,2018-9-1,19527,226,http://4c74356b41.com
6067741,7,2016-3-15,2018-12-1,22761,255,http://4c74356b41.com
6067741,8,2016-3-15,2019-6-1,35575,437,https://4c74356b41.com
6067741,9,2016-3-15,2019-8-31,39624,454,https://4c74356b41.com
6163022,10,2016-4-5,2016-12-10,9269,310,
6163022,1,2016-4-5,2017-6-10,12365,548,
6163022,2,2016-4-5,2017-8-26,13394,666,
6163022,3,2016-4-5,2017-12-1,15616,1050,
6163022,4,2016-4-5,2018-6-1,17540,1437,
6163022,5,2016-4-5,2018-8-31,18778,1620,
6163022,6,2016-4-5,2018-11-30,19795,1682,
6163022,7,2016-4-5,2019-5-31,21418,1739,
6163022,8,2016-4-5,2019-8-28,22128,1762,
6167855,9,2016-4-6,2016-12-10,4235,777,
6167855,10,2016-4-6,2017-6-11,7274,1339,
6167855,1,2016-4-6,2017-8-27,10332,1654,
6167855,2,2016-4-6,2017-12-3,13291,1944,
6167855,3,2016-4-6,2018-6-2,15269,2326,
6167855,4,2016-4-6,2018-9-1,17802,2745,
6167855,5,2016-4-6,2018-12-1,20150,3063,
6167855,6,2016-4-6,2019-5-31,22395,3571,
6167855,7,2016-4-6,2019-8-31,22958,3680,
6231153,8,2016-4-20,2016-12-11,10749,734,
6231153,9,2016-4-20,2017-6-11,15751,1081,
6231153,10,2016-4-20,2017-8-26,18808,1323,
6231153,1,2016-4-20,2017-12-3,22816,1709,
6231153,2,2016-4-20,2018-6-1,23541,1711,
6231153,3,2016-4-20,2018-8-31,23888,1712,
6231153,4,2016-4-20,2018-12-1,24718,1755,
6231153,5,2016-4-20,2019-6-2,33423,2424,
6231153,6,2016-4-20,2019-8-30,34254,2456,
6238977,7,2016-4-22,2016-12-5,18,2,NULL
6238977,8,2016-4-22,2017-6-5,23,2,NULL
6238977,9,2016-4-22,2017-8-22,23,2,NULL
6238977,10,2016-4-22,2017-12-2,810,41,
6238977,1,2016-4-22,2018-6-2,5040,283,
6238977,2,2016-4-22,2018-9-1,7610,421,
6238977,3,2016-4-22,2018-12-1,10480,639,https://www.linkedin.com/in/micha%C5%82-k%C5%82usak-45337857/
6238977,4,2016-4-22,2019-6-1,17965,1156,https://www.linkedin.com/in/micha%C5%82-k%C5%82usak-45337857/
6238977,5,2016-4-22,2019-9-1,20700,1308,https://www.linkedin.com/in/micha%C5%82-k%C5%82usak-45337857/
6241235,6,2016-4-22,2016-6-28,6,0,NULL
6241235,7,2016-4-22,2017-6-10,13,0,NULL
6241235,8,2016-4-22,2017-8-26,20,2,
6241235,9,2016-4-22,2017-12-2,2047,33,
6241235,10,2016-4-22,2018-6-3,12090,486,
6241235,1,2016-4-22,2018-9-2,20497,946,
6241235,2,2016-4-22,2018-12-2,27123,1301,
6241235,3,2016-4-22,2019-6-1,44166,2303,
6241235,4,2016-4-22,2019-9-1,52327,2734,
6257435,5,2016-4-26,2016-12-7,26,0,NULL
6257435,6,2016-4-26,2017-6-10,4697,8,NULL
6257435,7,2016-4-26,2017-8-27,7388,12,NULL
6257435,8,2016-4-26,2017-12-2,9476,16,NULL
6257435,9,2016-4-26,2018-6-2,12063,17,NULL
6257435,10,2016-4-26,2018-9-2,13594,18,NULL
6257435,1,2016-4-26,2018-12-1,15351,18,NULL
6257435,2,2016-4-26,2019-6-2,19132,19,NULL
6257435,3,2016-4-26,2019-8-31,21445,19,NULL
6287308,4,2016-5-3,2016-12-10,1,0,NULL
6287308,5,2016-5-3,2017-6-11,4709,626,
6287308,6,2016-5-3,2017-8-27,5964,766,
6287308,7,2016-5-3,2017-12-3,10335,1118,
6287308,8,2016-5-3,2018-6-2,13860,1324,
6287308,9,2016-5-3,2018-9-2,14703,1367,
6287308,10,2016-5-3,2018-12-2,16765,1477,
6287308,1,2016-5-3,2019-6-2,23834,1833,
6287308,2,2016-5-3,2019-8-31,24654,1847,
6287910,3,2016-5-3,2016-12-10,402,10,
6287910,4,2016-5-3,2017-6-11,3016,61,
6287910,5,2016-5-3,2017-8-27,6609,99,
6287910,6,2016-5-3,2017-12-3,10899,162,
6287910,7,2016-5-3,2018-6-3,17788,262,
6287910,8,2016-5-3,2018-9-2,20733,323,
6287910,9,2016-5-3,2018-12-2,24562,410,
6287910,10,2016-5-3,2019-6-2,31149,523,
6287910,1,2016-5-3,2019-8-31,34057,570,
6294072,2,2016-5-5,2016-12-8,145,25,
6294072,3,2016-5-5,2017-6-10,11326,1436,
6294072,4,2016-5-5,2017-8-26,15270,1765,
6294072,5,2016-5-5,2017-12-2,19922,1997,
6294072,6,2016-5-5,2018-6-1,26944,2198,
6294072,7,2016-5-5,2018-9-1,29658,2232,
6294072,8,2016-5-5,2018-12-1,32389,2282,
6294072,9,2016-5-5,2019-6-1,39293,2487,
6294072,10,2016-5-5,2019-8-31,42417,2550,
6336479,1,2016-5-15,2016-12-11,5900,274,
6336479,2,2016-5-15,2017-6-11,17156,770,
6336479,3,2016-5-15,2017-8-26,19982,813,
6336479,4,2016-5-15,2017-12-2,21187,825,
6336479,5,2016-5-15,2018-6-1,22422,829,
6336479,6,2016-5-15,2018-8-30,23197,830,
6336479,7,2016-5-15,2018-11-30,23978,831,
6336479,8,2016-5-15,2019-6-1,25693,841,
6336479,9,2016-5-15,2019-8-31,26350,843,
6337748,10,2016-5-15,2016-12-10,3614,21,
6337748,1,2016-5-15,2017-6-10,7079,35,
6337748,2,2016-5-15,2017-8-26,8505,42,
6337748,3,2016-5-15,2017-12-2,10344,48,
6337748,4,2016-5-15,2018-6-2,13152,63,
6337748,5,2016-5-15,2018-8-31,14578,66,
6337748,6,2016-5-15,2018-12-1,15796,71,
6337748,7,2016-5-15,2019-5-28,18735,75,
6337748,8,2016-5-15,2019-8-30,20179,75,
6344363,9,2016-5-17,2016-12-11,5896,428,
6344363,10,2016-5-17,2017-6-11,17588,933,
6344363,1,2016-5-17,2017-8-27,21155,1135,
6344363,2,2016-5-17,2017-12-3,24661,1287,
6344363,3,2016-5-17,2018-5-29,27955,1446,
6344363,4,2016-5-17,2018-9-2,28433,1456,
6344363,5,2016-5-17,2018-11-30,28857,1486,
6344363,6,2016-5-17,2019-6-1,29838,1553,
6344363,7,2016-5-17,2019-9-1,30268,1569,
6348498,8,2016-5-18,2016-12-11,776,83,
6348498,9,2016-5-18,2017-6-11,29014,1134,NULL
6348498,10,2016-5-18,2017-8-26,29652,1168,
6348498,1,2016-5-18,2017-12-3,31009,1257,
6348498,2,2016-5-18,2018-6-3,31671,1310,
6348498,3,2016-5-18,2018-9-1,31795,1335,
6348498,4,2016-5-18,2018-12-1,32073,1345,
6348498,5,2016-5-18,2019-6-2,31992,1376,
6348498,6,2016-5-18,2019-9-1,32427,1390,
6361531,7,2016-5-20,2016-6-23,38,0,NULL
6361531,8,2016-5-20,2017-6-11,6640,989,https://www.linkedin.com/in/scott-boston/
6361531,9,2016-5-20,2017-8-27,16618,1958,https://www.linkedin.com/in/scott-boston/
6361531,10,2016-5-20,2017-12-3,23611,2515,https://www.linkedin.com/in/scott-boston/
6361531,1,2016-5-20,2018-6-3,37359,3471,https://www.linkedin.com/in/scott-boston/
6361531,2,2016-5-20,2018-9-2,44801,3912,https://www.linkedin.com/in/scott-boston/
6361531,3,2016-5-20,2018-12-1,49265,4127,https://www.linkedin.com/in/scott-boston/
6361531,4,2016-5-20,2019-6-2,60849,4752,https://www.linkedin.com/in/scott-boston/
6361531,5,2016-5-20,2019-9-1,67869,5117,https://www.linkedin.com/in/scott-boston/
6371459,6,2016-5-23,2016-12-10,4088,141,
6371459,7,2016-5-23,2017-6-10,9550,244,
6371459,8,2016-5-23,2017-8-26,11245,278,
6371459,9,2016-5-23,2017-12-2,13779,332,
6371459,10,2016-5-23,2018-6-3,17004,394,
6371459,1,2016-5-23,2018-9-1,18441,422,
6371459,2,2016-5-23,2018-12-1,19596,449,
6371459,3,2016-5-23,2019-6-1,21961,487,
6371459,4,2016-5-23,2019-8-31,22964,497,
6394138,5,2016-5-28,2016-12-10,11390,787,
6394138,6,2016-5-28,2017-6-10,14266,1057,
6394138,7,2016-5-28,2017-8-25,16084,1113,
6394138,8,2016-5-28,2017-12-1,17042,1173,
6394138,9,2016-5-28,2018-6-2,18549,1214,
6394138,10,2016-5-28,2018-9-1,19681,1295,
6394138,1,2016-5-28,2018-12-1,20181,1396,
6394138,2,2016-5-28,2019-6-1,21957,1626,
6394138,3,2016-5-28,2019-8-31,22851,1680,
6400526,4,2016-5-30,2016-12-11,15337,846,
6400526,5,2016-5-30,2017-6-10,18309,1012,
6400526,6,2016-5-30,2017-8-26,21126,1083,
6400526,7,2016-5-30,2017-12-2,26195,1215,
6400526,8,2016-5-30,2018-6-3,27742,1311,
6400526,9,2016-5-30,2018-9-1,28340,1334,
6400526,10,2016-5-30,2018-12-1,29708,1443,
6400526,1,2016-5-30,2019-6-1,31062,1611,
6400526,2,2016-5-30,2019-8-31,31262,1638,
6419007,3,2016-6-3,2016-12-10,4692,854,http://ericduminil.com
6419007,4,2016-6-3,2017-6-10,25883,1967,http://ericduminil.com
6419007,5,2016-6-3,2017-8-26,28926,2174,http://ericduminil.com
6419007,6,2016-6-3,2017-12-2,34347,2778,http://ericduminil.com
6419007,7,2016-6-3,2018-6-2,37270,3162,http://ericduminil.com
6419007,8,2016-6-3,2018-9-1,37926,3237,http://ericduminil.com
6419007,9,2016-6-3,2018-12-1,38962,3440,http://ericduminil.com
6419007,10,2016-6-3,2019-6-1,42105,3912,http://ericduminil.com
6419007,1,2016-6-3,2019-9-1,43556,4186,http://ericduminil.com
6428638,2,2016-6-6,2016-12-8,590,38,NULL
6428638,3,2016-6-6,2017-6-11,7622,1377,https://sachilaranawaka.wixsite.com/sachilaranawaka
6428638,4,2016-6-6,2017-8-26,9631,1412,https://sachilaranawaka.wixsite.com/sachilaranawaka
6428638,5,2016-6-6,2017-12-3,10790,1448,https://sachilaranawaka.wixsite.com/sachilaranawaka
6428638,6,2016-6-6,2018-6-3,13096,1467,https://sachilaranawaka.wixsite.com/sachilaranawaka
6428638,7,2016-6-6,2018-9-2,15980,1495,https://sachilaranawaka.wixsite.com/sachilaranawaka
6428638,8,2016-6-6,2018-12-1,17739,1504,https://sachilaranawaka.wixsite.com/sachilaranawaka
6428638,9,2016-6-6,2019-6-1,20984,1524,https://sachilaranawaka.wixsite.com/sachilaranawaka
6428638,10,2016-6-6,2019-8-31,21846,1526,https://sachilaranawaka.wixsite.com/sachilaranawaka
6433023,1,2016-6-7,2016-12-11,17248,117,
6433023,2,2016-6-7,2017-6-10,38071,235,
6433023,3,2016-6-7,2017-8-26,42097,241,
6433023,4,2016-6-7,2017-12-2,45759,242,
6433023,5,2016-6-7,2018-6-2,49928,247,
6433023,6,2016-6-7,2018-9-2,52294,250,
6433023,7,2016-6-7,2018-12-1,54280,250,
6433023,8,2016-6-7,2019-6-1,57517,250,
6433023,9,2016-6-7,2019-8-31,58864,250,
6451573,10,2016-6-10,2016-12-10,22345,1069,http://jotd.pagesperso-orange.fr/
6451573,1,2016-6-10,2017-6-10,47982,2953,http://jotd.pagesperso-orange.fr/
6451573,2,2016-6-10,2017-8-26,55036,3668,http://jotd.pagesperso-orange.fr/
6451573,3,2016-6-10,2017-12-2,67070,4777,http://jotd.pagesperso-orange.fr/
6451573,4,2016-6-10,2018-6-2,84761,6583,http://jotd.pagesperso-orange.fr/
6451573,5,2016-6-10,2018-9-1,90388,7201,http://jotd.pagesperso-orange.fr/
6451573,6,2016-6-10,2018-12-1,98356,7902,http://jotd.pagesperso-orange.fr/
6451573,7,2016-6-10,2019-6-1,108182,8842,http://jotd.pagesperso-orange.fr/
6451573,8,2016-6-10,2019-8-31,111176,9068,
6464308,9,2016-6-14,2016-12-10,6921,255,
6464308,10,2016-6-14,2017-6-9,14688,511,
6464308,1,2016-6-14,2017-8-25,17640,582,
6464308,2,2016-6-14,2017-12-1,20695,678,
6464308,3,2016-6-14,2018-6-1,30971,1208,
6464308,4,2016-6-14,2018-9-1,35951,1478,
6464308,5,2016-6-14,2018-12-1,42361,1710,
6464308,6,2016-6-14,2019-5-30,56307,2159,
6464308,7,2016-6-14,2019-8-30,64068,2371,
6530970,8,2016-6-30,2016-12-6,451,4,https://researchers.anu.edu.au/researchers/evers-m
6530970,9,2016-6-30,2017-6-9,479,4,https://researchers.anu.edu.au/researchers/evers-m
6530970,10,2016-6-30,2017-8-25,504,5,https://researchers.anu.edu.au/researchers/evers-m
6530970,1,2016-6-30,2017-12-3,2125,124,https://researchers.anu.edu.au/researchers/evers-m
6530970,2,2016-6-30,2018-6-3,13007,372,https://researchers.anu.edu.au/researchers/evers-m
6530970,3,2016-6-30,2018-9-2,21220,587,https://researchers.anu.edu.au/researchers/evers-m
6530970,4,2016-6-30,2018-12-1,25003,681,https://researchers.anu.edu.au/researchers/evers-m
6530970,5,2016-6-30,2019-6-2,32619,882,https://researchers.anu.edu.au/researchers/evers-m
6530970,6,2016-6-30,2019-9-1,33881,924,https://researchers.anu.edu.au/researchers/evers-m
6535336,7,2016-6-30,2016-12-11,4345,191,
6535336,8,2016-6-30,2017-6-11,13285,729,
6535336,9,2016-6-30,2017-8-27,16135,914,
6535336,10,2016-6-30,2017-12-3,19702,1143,
6535336,1,2016-6-30,2018-1-28,22166,1272,
6535336,2,2016-6-30,2018-1-28,22342,1272,
6535336,3,2016-6-30,2018-1-28,22432,1272,
6535336,4,2016-6-30,2018-1-28,22598,1272,
6535336,5,2016-6-30,2018-1-28,22733,1272,
6541007,6,2016-7-2,2016-12-11,12132,46,
6541007,7,2016-7-2,2017-5-22,19260,59,
6541007,8,2016-7-2,2017-8-26,22339,77,
6541007,9,2016-7-2,2017-12-3,24787,79,
6541007,10,2016-7-2,2018-6-3,28555,91,
6541007,1,2016-7-2,2018-9-2,30791,105,
6541007,2,2016-7-2,2018-12-1,33473,126,
6541007,3,2016-7-2,2019-6-2,36878,146,
6541007,4,2016-7-2,2019-9-1,37982,146,
6583140,5,2016-7-13,2016-12-10,2358,623,
6583140,6,2016-7-13,2017-6-10,11442,2226,http://stackoverflow.com/users/6583140/alexandru-ionut-mihai
6583140,7,2016-7-13,2017-8-26,12891,2405,http://stackoverflow.com/users/6583140/alexandru-ionut-mihai
6583140,8,2016-7-13,2017-12-2,18286,2787,http://stackoverflow.com/users/6583140/alexandru-ionut-mihai
6583140,9,2016-7-13,2018-6-2,25383,3599,https://www.linkedin.com/in/alexandru-ionut-mihai-298862102/
6583140,10,2016-7-13,2018-9-1,27380,3800,https://www.linkedin.com/in/alexandru-ionut-mihai-298862102/
6583140,1,2016-7-13,2018-12-1,28987,3939,https://www.linkedin.com/in/alexandru-ionut-mihai-298862102/
6583140,2,2016-7-13,2019-6-1,31217,4028,https://www.linkedin.com/in/alexandru-ionut-mihai-298862102/
6583140,3,2016-7-13,2019-9-1,31914,4051,https://www.linkedin.com/in/alexandru-ionut-mihai-298862102/
6587650,4,2016-7-14,2016-12-9,2144,0,
6587650,5,2016-7-14,2017-6-9,7599,0,
6587650,6,2016-7-14,2017-8-25,10189,0,
6587650,7,2016-7-14,2017-12-1,13743,0,
6587650,8,2016-7-14,2018-6-1,21154,1,
6587650,9,2016-7-14,2018-9-1,23118,1,
6587650,10,2016-7-14,2018-11-27,24277,1,
6587650,1,2016-7-14,2019-5-31,26280,1,
6587650,2,2016-7-14,2019-8-30,27620,1,
6622587,3,2016-7-21,2016-12-11,981,2,
6622587,4,2016-7-21,2017-6-11,10592,20,
6622587,5,2016-7-21,2017-8-27,15771,28,https://eyllanesc.github.io
6622587,6,2016-7-21,2017-12-3,23363,46,https://eyllanesc.github.io
6622587,7,2016-7-21,2018-6-3,44692,106,https://eyllanesc.github.io
6622587,8,2016-7-21,2018-9-2,55946,275,https://eyllanesc.github.io
6622587,9,2016-7-21,2018-12-2,69726,678,https://eyllanesc.github.io
6622587,10,2016-7-21,2019-6-2,94233,1764,
6622587,1,2016-7-21,2019-9-1,106714,2312,
6671176,2,2016-8-3,2016-12-1,13,0,
6671176,3,2016-8-3,2017-6-10,48,2,
6671176,4,2016-8-3,2017-8-26,48,2,
6671176,5,2016-8-3,2017-12-2,48,2,
6671176,6,2016-8-3,2018-6-3,8144,807,
6671176,7,2016-8-3,2018-9-1,16809,1401,
6671176,8,2016-8-3,2018-12-2,28041,1955,
6671176,9,2016-8-3,2019-6-1,31320,2070,
6671176,10,2016-8-3,2019-9-1,32295,2082,
6677986,1,2016-8-4,2016-12-11,4931,513,
6677986,2,2016-8-4,2017-6-11,11032,793,
6677986,3,2016-8-4,2017-8-26,13178,832,
6677986,4,2016-8-4,2017-12-3,15854,873,
6677986,5,2016-8-4,2018-6-2,19703,882,http://www.cramick-it.com
6677986,6,2016-8-4,2018-9-1,21534,896,http://www.cramick-it.com
6677986,7,2016-8-4,2018-12-2,23454,899,http://www.cramick-it.com
6677986,8,2016-8-4,2019-6-1,27848,919,http://www.cramick-it.com
6677986,9,2016-8-4,2019-8-31,29818,923,https://www.cramick-it.com
6680611,10,2016-8-5,2016-12-11,6210,1174,http://cartant.com
6680611,1,2016-8-5,2017-6-11,17049,2571,http://cartant.com
6680611,2,2016-8-5,2017-8-27,20738,3026,http://cartant.com
6680611,3,2016-8-5,2017-12-3,23505,3325,http://cartant.com
6680611,4,2016-8-5,2018-6-3,29892,3952,http://cartant.com
6680611,5,2016-8-5,2018-9-2,32898,4245,http://cartant.com
6680611,6,2016-8-5,2018-12-2,35308,4432,http://cartant.com
6680611,7,2016-8-5,2019-6-2,39107,4631,http://cartant.com
6680611,8,2016-8-5,2019-9-1,40705,4721,http://cartant.com
6695924,9,2016-8-9,2016-12-6,574,58,
6695924,10,2016-8-9,2017-6-10,13261,590,
6695924,1,2016-8-9,2017-8-27,15970,704,
6695924,2,2016-8-9,2017-12-3,17141,744,
6695924,3,2016-8-9,2018-4-13,17746,752,
6695924,4,2016-8-9,2018-8-17,18138,752,
6695924,5,2016-8-9,2018-12-2,18837,762,
6695924,6,2016-8-9,2019-5-30,20951,813,
6695924,7,2016-8-9,2019-8-28,21459,813,
6779307,8,2016-8-31,2016-12-10,5298,597,
6779307,9,2016-8-31,2017-6-10,8068,934,
6779307,10,2016-8-31,2017-8-27,8473,948,
6779307,1,2016-8-31,2017-12-3,10245,1188,
6779307,2,2016-8-31,2018-6-3,15518,1665,
6779307,3,2016-8-31,2018-9-1,21656,2059,
6779307,4,2016-8-31,2018-12-2,26077,2376,
6779307,5,2016-8-31,2019-6-2,33013,2651,
6779307,6,2016-8-31,2019-9-1,34909,2689,
6808583,7,2016-9-8,2016-12-10,214,16,NULL
6808583,8,2016-9-8,2017-6-10,572,37,NULL
6808583,9,2016-9-8,2017-8-15,632,40,NULL
6808583,10,2016-9-8,2017-12-2,742,45,NULL
6808583,1,2016-9-8,2018-6-2,921,49,NULL
6808583,2,2016-9-8,2018-9-2,4507,33,
6808583,3,2016-9-8,2018-12-2,10809,46,
6808583,4,2016-9-8,2019-6-1,20686,285,https://data.stackexchange.com/stackoverflow/query/edit/880245
6808583,5,2016-9-8,2019-9-1,23557,354,https://data.stackexchange.com/stackoverflow/query/edit/880245
6811411,6,2016-9-8,2016-12-11,947,91,
6811411,7,2016-9-8,2017-6-11,4673,702,
6811411,8,2016-9-8,2017-8-26,7572,1069,
6811411,9,2016-9-8,2017-11-27,8317,1146,
6811411,10,2016-9-8,2018-6-2,10331,1406,
6811411,1,2016-9-8,2018-9-1,13923,1867,
6811411,2,2016-9-8,2018-12-1,16153,2108,
6811411,3,2016-9-8,2019-6-2,22128,2702,
6811411,4,2016-9-8,2019-8-31,23799,2836,
6862601,5,2016-9-22,2016-12-5,91,4,
6862601,6,2016-9-22,2017-6-11,8086,1827,
6862601,7,2016-9-22,2017-8-27,8931,2098,
6862601,8,2016-9-22,2017-12-3,10391,2622,
6862601,9,2016-9-22,2018-6-3,14283,3652,
6862601,10,2016-9-22,2018-9-2,15637,3993,
6862601,1,2016-9-22,2018-12-2,17145,4369,
6862601,2,2016-9-22,2019-6-2,19362,4722,
6862601,3,2016-9-22,2019-9-1,20384,4927,
6890912,4,2016-9-28,2016-10-24,61,3,NULL
6890912,5,2016-9-28,2017-6-8,61,6,NULL
6890912,6,2016-9-28,2017-7-14,71,6,NULL
6890912,7,2016-9-28,2018-6-1,71,15,NULL
6890912,8,2016-9-28,2018-9-2,12219,337,
6890912,9,2016-9-28,2018-12-2,27403,910,
6890912,10,2016-9-28,2019-5-31,46918,1478,
6890912,1,2016-9-28,2019-9-1,49190,1541,
6891563,2,2016-9-28,2016-11-13,1,0,
6891563,3,2016-9-28,2017-6-10,31,2,
6891563,4,2016-9-28,2017-8-25,31,8,
6891563,5,2016-9-28,2017-12-2,1,66,
6891563,6,2016-9-28,2018-6-3,2609,270,
6891563,7,2016-9-28,2018-9-2,6023,362,
6891563,8,2016-9-28,2018-12-1,10512,438,
6891563,9,2016-9-28,2019-6-1,18871,461,
6891563,10,2016-9-28,2019-9-1,23347,464,
6910411,1,2016-10-2,2016-12-11,4346,0,
6910411,2,2016-10-2,2017-6-10,14712,0,
6910411,3,2016-10-2,2017-8-26,16504,17,
6910411,4,2016-10-2,2017-12-1,20432,132,
6910411,5,2016-10-2,2018-6-2,26006,386,
6910411,6,2016-10-2,2018-9-1,29002,418,
6910411,7,2016-10-2,2018-12-2,32099,697,
6910411,8,2016-10-2,2019-3-1,36892,754,
6910411,9,2016-10-2,2019-3-1,38971,754,
6914864,1,2016-10-3,2016-11-25,81,15,NULL
6914864,2,2016-10-3,2017-6-9,398,41,
6914864,3,2016-10-3,2017-8-11,396,44,
6914864,4,2016-10-3,2017-11-28,396,45,
6914864,5,2016-10-3,2018-5-31,396,49,
6914864,6,2016-10-3,2018-9-2,1612,57,
6914864,7,2016-10-3,2018-12-2,9478,301,
6914864,8,2016-10-3,2019-6-1,21811,858,
6914864,9,2016-10-3,2019-9-1,24602,940,
6936103,1,2016-10-7,2016-12-10,471,0,
6936103,2,2016-10-7,2017-6-11,4757,0,
6936103,3,2016-10-7,2017-8-27,7343,0,
6936103,4,2016-10-7,2017-12-3,10464,0,
6936103,5,2016-10-7,2018-6-1,16939,0,
6936103,6,2016-10-7,2018-9-2,20655,0,
6936103,7,2016-10-7,2018-11-30,22159,0,
6936103,8,2016-10-7,2019-5-3,25315,0,
6936103,9,2016-10-7,2019-8-29,26459,0,
7015400,1,2016-10-13,2016-12-8,1,0,NULL
7015400,2,2016-10-13,2017-3-15,18,0,NULL
7015400,3,2016-10-13,2017-8-26,834,507,
7015400,4,2016-10-13,2017-12-3,2457,564,
7015400,5,2016-10-13,2018-6-1,14073,1024,
7015400,6,2016-10-13,2018-9-1,17727,1070,
7015400,7,2016-10-13,2018-12-2,19767,1085,https://petercoding.com
7015400,8,2016-10-13,2019-6-2,24650,1248,https://petercoding.com
7015400,9,2016-10-13,2019-8-31,26908,1255,
7031230,1,2016-10-17,2016-12-11,2307,661,
7031230,2,2016-10-17,2017-6-11,7462,1392,http://data-dev.blogspot.com/
7031230,3,2016-10-17,2017-8-26,8166,1516,http://data-dev.blogspot.com/
7031230,4,2016-10-17,2017-12-3,9701,1672,http://data-dev.blogspot.com/
7031230,5,2016-10-17,2018-6-3,14941,2325,http://data-dev.blogspot.com
7031230,6,2016-10-17,2018-9-1,15641,2660,http://data-dev.blogspot.com
7031230,7,2016-10-17,2018-12-1,16259,2714,http://data-dev.blogspot.com
7031230,8,2016-10-17,2019-6-2,26397,3880,http://data-dev.blogspot.com
7031230,9,2016-10-17,2019-8-31,28622,4146,http://data-dev.blogspot.com
7050130,1,2016-10-20,2016-12-9,847,11,NULL
7050130,2,2016-10-20,2017-6-9,5407,61,NULL
7050130,3,2016-10-20,2017-8-25,7620,83,NULL
7050130,4,2016-10-20,2017-12-1,9982,100,NULL
7050130,5,2016-10-20,2018-6-1,15060,145,NULL
7050130,6,2016-10-20,2018-9-2,17968,186,NULL
7050130,7,2016-10-20,2018-12-2,19351,201,NULL
7050130,8,2016-10-20,2019-6-1,22571,235,NULL
7050130,9,2016-10-20,2019-8-30,23778,240,NULL
7053190,1,2016-10-21,2016-12-9,39,3,NULL
7053190,2,2016-10-21,2017-6-2,299,7,
7053190,3,2016-10-21,2017-8-25,2207,9,
7053190,4,2016-10-21,2017-12-2,4250,41,
7053190,5,2016-10-21,2018-6-2,12677,889,
7053190,6,2016-10-21,2018-9-1,19784,1062,
7053190,7,2016-10-21,2018-12-1,23222,1159,
7053190,8,2016-10-21,2019-6-1,24883,1220,
7053190,9,2016-10-21,2019-8-31,25157,1223,
7106086,1,2016-11-2,2016-12-11,186,9,NULL
7106086,2,2016-11-2,2017-6-11,3787,363,http://bl.ocks.org/andrew-reid
7106086,3,2016-11-2,2017-8-26,5481,511,http://bl.ocks.org/andrew-reid
7106086,4,2016-11-2,2017-12-3,8366,758,http://bl.ocks.org/andrew-reid
7106086,5,2016-11-2,2018-6-2,13660,1242,http://bl.ocks.org/andrew-reid
7106086,6,2016-11-2,2018-9-2,16055,1436,http://bl.ocks.org/andrew-reid
7106086,7,2016-11-2,2018-12-2,16834,1473,http://bl.ocks.org/andrew-reid
7106086,8,2016-11-2,2019-6-2,19704,1658,http://bl.ocks.org/andrew-reid
7106086,9,2016-11-2,2019-9-1,21587,1739,http://bl.ocks.org/andrew-reid
7108653,1,2016-11-3,2016-12-11,146,0,https://tanaikech.github.io/
7108653,2,2016-11-3,2017-6-11,1703,3,
7108653,3,2016-11-3,2017-8-27,2758,5,
7108653,4,2016-11-3,2017-12-3,5893,28,
7108653,5,2016-11-3,2018-6-3,12608,113,
7108653,6,2016-11-3,2018-9-1,15761,197,
7108653,7,2016-11-3,2018-12-2,18831,281,
7108653,8,2016-11-3,2019-6-2,27559,499,https://tanaikech.github.io/
7108653,9,2016-11-3,2019-9-1,34144,679,https://tanaikech.github.io/
7128934,1,2016-11-7,2016-12-9,3,0,NULL
7128934,2,2016-11-7,2017-6-10,7237,1105,http://darshanbaral.com
7128934,3,2016-11-7,2017-8-27,11198,1417,http://darshanbaral.com
7128934,4,2016-11-7,2017-12-3,15442,1675,http://darshanbaral.com
7128934,5,2016-11-7,2018-6-1,17748,1769,http://darshanbaral.com
7128934,6,2016-11-7,2018-9-2,18048,1774,https://www.darshanbaral.com/
7128934,7,2016-11-7,2018-12-2,18408,1775,https://www.darshanbaral.com/
7128934,8,2016-11-7,2019-6-1,20715,1907,https://www.darshanbaral.com/
7128934,9,2016-11-7,2019-8-31,22695,1962,https://www.darshanbaral.com/
7132550,1,2016-11-8,2016-12-8,6,0,NULL
7132550,2,2016-11-8,2017-6-9,144,12,NULL
7132550,3,2016-11-8,2017-8-26,935,59,
7132550,4,2016-11-8,2017-12-2,2199,440,
7132550,5,2016-11-8,2018-6-2,6362,821,
7132550,6,2016-11-8,2018-9-1,10290,1217,https://www.linkedin.com/in/micha%C5%82-turczyn-6851a2117/
7132550,7,2016-11-8,2018-12-1,12970,1386,https://www.linkedin.com/in/micha%C5%82-turczyn-6851a2117/
7132550,8,2016-11-8,2019-6-1,17838,1780,https://www.linkedin.com/in/micha%C5%82-turczyn-6851a2117/
7132550,9,2016-11-8,2019-9-1,20172,1932,https://www.linkedin.com/in/micha%C5%82-turczyn-6851a2117/
7207392,1,2016-11-24,2016-11-26,1,0,NULL
7207392,2,2016-11-24,2017-5-12,7770,152,NULL
7207392,3,2016-11-24,2017-5-12,7795,152,NULL
7207392,4,2016-11-24,2017-12-3,10090,188,NULL
7207392,5,2016-11-24,2018-6-3,23212,470,NULL
7207392,6,2016-11-24,2018-8-25,25420,504,NULL
7207392,7,2016-11-24,2018-12-2,28915,566,NULL
7207392,8,2016-11-24,2019-6-2,32621,648,NULL
7207392,9,2016-11-24,2019-9-1,34958,700,NULL
7252182,1,2016-12-5,2016-12-10,642,6,
7252182,2,2016-12-5,2017-6-9,28882,286,
7252182,3,2016-12-5,2017-8-25,40307,379,
7252182,4,2016-12-5,2017-12-1,52639,483,
7252182,5,2016-12-5,2018-6-1,64637,576,
7252182,6,2016-12-5,2018-8-31,73387,662,
7252182,7,2016-12-5,2018-11-29,79940,725,
7252182,8,2016-12-5,2019-5-31,93283,860,
7252182,9,2016-12-5,2019-8-30,99835,936,
7294900,1,2016-12-14,2017-6-11,336,47,
7294900,2,2016-12-14,2017-8-25,3058,495,
7294900,3,2016-12-14,2017-12-3,6009,746,
7294900,4,2016-12-14,2018-6-3,11812,936,
7294900,5,2016-12-14,2018-9-2,14071,1067,
7294900,6,2016-12-14,2018-12-2,18787,1281,
7294900,7,2016-12-14,2019-6-2,26091,1521,
7294900,8,2016-12-14,2019-9-1,30496,1742,
7296893,1,2016-12-14,2017-6-10,509,5,http://evona.nl
7296893,2,2016-12-14,2017-8-26,2352,41,http://evona.nl
7296893,3,2016-12-14,2017-12-2,5983,128,http://evona.nl
7296893,4,2016-12-14,2018-6-2,12463,242,http://evona.nl
7296893,5,2016-12-14,2018-9-1,15157,317,
7296893,6,2016-12-14,2018-12-1,17851,363,
7296893,7,2016-12-14,2019-6-1,20581,406,
7296893,8,2016-12-14,2019-8-31,21841,417,
7297700,1,2016-12-14,2017-6-11,977,10,https://blogs.msdn.microsoft.com/dbrowne/
7297700,2,2016-12-14,2017-8-27,3540,31,https://blogs.msdn.microsoft.com/dbrowne/
7297700,3,2016-12-14,2017-12-3,5313,56,https://blogs.msdn.microsoft.com/dbrowne/
7297700,4,2016-12-14,2018-6-3,7696,83,https://blogs.msdn.microsoft.com/dbrowne/
7297700,5,2016-12-14,2018-9-2,10659,122,https://blogs.msdn.microsoft.com/dbrowne/
7297700,6,2016-12-14,2018-12-2,13156,168,https://blogs.msdn.microsoft.com/dbrowne/
7297700,7,2016-12-14,2019-6-2,19314,284,https://blogs.msdn.microsoft.com/dbrowne/
7297700,8,2016-12-14,2019-9-1,22682,365,https://blogs.msdn.microsoft.com/dbrowne/
7311767,1,2016-12-18,2017-6-11,11165,1411,NULL
7311767,2,2016-12-18,2017-8-27,12109,1667,
7311767,3,2016-12-18,2017-12-3,13033,2000,
7311767,4,2016-12-18,2018-6-3,24178,2889,
7311767,5,2016-12-18,2018-9-2,26017,3333,
7311767,6,2016-12-18,2018-12-2,27425,3559,
7311767,7,2016-12-18,2019-6-2,31610,4013,
7311767,8,2016-12-18,2019-9-1,33036,4139,
7326738,1,2016-12-21,2017-6-10,1475,323,https://ajax12345.github.io/
7326738,2,2016-12-21,2017-8-27,4800,728,https://ajax12345.github.io/
7326738,3,2016-12-21,2017-12-3,13868,1408,https://ajax12345.github.io/
7326738,4,2016-12-21,2018-6-3,31240,2017,https://ajax12345.github.io/
7326738,5,2016-12-21,2018-9-2,35539,2176,https://ajax12345.github.io/
7326738,6,2016-12-21,2018-12-2,39035,2355,https://ajax12345.github.io/
7326738,7,2016-12-21,2019-6-2,44569,2621,https://ajax12345.github.io/
7326738,8,2016-12-21,2019-9-1,47261,2813,https://ajax12345.github.io/
7328782,1,2016-12-22,2017-6-9,465,96,http://www.crisluengo.net
7328782,2,2016-12-22,2017-8-24,512,126,http://www.crisluengo.net
7328782,3,2016-12-22,2017-12-3,1050,205,http://www.crisluengo.net
7328782,4,2016-12-22,2018-6-2,8590,1668,https://www.crisluengo.net
7328782,5,2016-12-22,2018-9-2,13195,2285,https://www.crisluengo.net
7328782,6,2016-12-22,2018-12-2,17259,2930,https://www.crisluengo.net
7328782,7,2016-12-22,2019-6-2,25368,4023,https://www.crisluengo.net
7328782,8,2016-12-22,2019-9-1,27917,4361,https://www.crisluengo.net
7429447,1,2017-1-17,2017-6-10,2185,76,
7429447,2,2017-1-17,2017-8-26,4438,222,
7429447,3,2017-1-17,2017-12-3,7593,467,
7429447,4,2017-1-17,2018-6-3,22248,1232,
7429447,5,2017-1-17,2018-9-1,29309,1633,
7429447,6,2017-1-17,2018-12-1,36367,2047,
7429447,7,2017-1-17,2019-6-2,50923,2935,
7429447,8,2017-1-17,2019-9-1,59220,3297,
7461381,1,2017-1-24,2017-6-10,2155,47,
7461381,2,2017-1-24,2017-8-26,2185,65,
7461381,3,2017-1-24,2017-12-3,3263,109,
7461381,4,2017-1-24,2018-6-2,11232,246,
7461381,5,2017-1-24,2018-9-2,16102,290,
7461381,6,2017-1-24,2018-12-1,23183,405,
7461381,7,2017-1-24,2019-6-2,32375,604,
7461381,8,2017-1-24,2019-8-31,35809,687,
7505395,1,2017-2-2,2017-6-9,1,0,https://www.xing.com/profile/Patrick_Artner
7505395,2,2017-2-2,2017-8-24,1,0,https://www.xing.com/profile/Patrick_Artner
7505395,3,2017-2-2,2017-12-2,1707,193,https://www.xing.com/profile/Patrick_Artner
7505395,4,2017-2-2,2018-6-2,11928,1521,https://www.xing.com/profile/Patrick_Artner
7505395,5,2017-2-2,2018-9-1,14128,1839,https://www.xing.com/profile/Patrick_Artner
7505395,6,2017-2-2,2018-12-1,18897,2425,https://www.xing.com/profile/Patrick_Artner
7505395,7,2017-2-2,2019-6-1,28096,3219,https://www.xing.com/profile/Patrick_Artner
7505395,8,2017-2-2,2019-8-31,29654,3409,https://www.xing.com/profile/Patrick_Artner
7510657,1,2017-2-3,2017-6-11,318,27,NULL
7510657,2,2017-2-3,2017-8-25,452,37,NULL
7510657,3,2017-2-3,2017-12-3,381,40,NULL
7510657,4,2017-2-3,2018-6-3,1911,139,
7510657,5,2017-2-3,2018-9-2,7320,542,
7510657,6,2017-2-3,2018-12-2,11860,890,
7510657,7,2017-2-3,2019-6-2,20913,1427,
7510657,8,2017-2-3,2019-9-1,23483,1542,https://mailchi.mp/2a4245e91b82/me
7579471,1,2017-2-17,2017-6-11,6504,373,
7579471,2,2017-2-17,2017-8-27,8913,406,
7579471,3,2017-2-17,2017-12-3,11101,412,
7579471,4,2017-2-17,2018-6-3,15462,436,
7579471,5,2017-2-17,2018-9-2,17252,438,
7579471,6,2017-2-17,2018-11-30,18910,438,
7579471,7,2017-2-17,2019-5-30,22502,439,
7579471,8,2017-2-17,2019-8-31,24093,439,
7666442,1,2017-3-6,2017-6-10,452,22,
7666442,2,2017-3-6,2017-8-26,4465,116,
7666442,3,2017-3-6,2017-12-2,1,304,
7666442,4,2017-3-6,2018-6-2,19113,1019,
7666442,5,2017-3-6,2018-9-2,24050,1277,
7666442,6,2017-3-6,2018-12-1,28571,1408,
7666442,7,2017-3-6,2019-6-1,35710,1755,
7666442,8,2017-3-6,2019-8-31,38731,1856,
7669809,1,2017-3-7,2017-6-11,1260,363,
7669809,2,2017-3-7,2017-8-27,5013,1060,
7669809,3,2017-3-7,2017-12-3,11206,1913,
7669809,4,2017-3-7,2018-6-3,20592,3162,
7669809,5,2017-3-7,2018-9-2,23376,3594,
7669809,6,2017-3-7,2018-12-2,25518,3886,
7669809,7,2017-3-7,2019-6-1,29326,4617,
7669809,8,2017-3-7,2019-9-1,30051,4770,
7860670,1,2017-4-13,2017-6-10,3470,23,http://vtt.to
7860670,2,2017-4-13,2017-8-26,6710,63,http://vtt.to
7860670,3,2017-4-13,2017-12-3,10812,119,http://vtt.to
7860670,4,2017-4-13,2018-6-2,17392,256,http://vtt.to
7860670,5,2017-4-13,2018-9-1,21115,338,http://vtt.to
7860670,6,2017-4-13,2018-12-1,23289,403,http://vtt.to
7860670,7,2017-4-13,2019-6-1,27200,567,https://vtt.to
7860670,8,2017-4-13,2019-8-31,28271,610,https://vtt.to
7964527,1,2017-5-4,2017-6-10,105,5,
7964527,2,2017-5-4,2017-8-27,4434,161,
7964527,3,2017-5-4,2017-12-3,21789,758,
7964527,4,2017-5-4,2018-6-3,59982,2078,https://stackoverflow.com/users/7964527/wen
7964527,5,2017-5-4,2018-9-2,77390,2514,https://stackoverflow.com/users/7964527/wen
7964527,6,2017-5-4,2018-12-2,95064,2988,https://stackoverflow.com/users/7964527/wen
7964527,7,2017-5-4,2019-6-2,137258,4201,https://stackoverflow.com/users/7964527/wen
7964527,8,2017-5-4,2019-9-1,156531,4644,https://stackoverflow.com/users/7964527/wen
7976758,1,2017-5-7,2017-6-10,717,174,http://phdru.name/
7976758,2,2017-5-7,2017-8-27,4747,622,http://phdru.name/
7976758,3,2017-5-7,2017-11-20,7310,912,http://phdru.name/
7976758,4,2017-5-7,2018-6-2,14415,1640,http://phdru.name/
7976758,5,2017-5-7,2018-9-2,17631,1853,http://phdru.name/
7976758,6,2017-5-7,2018-12-1,19773,1983,http://phdru.name/
7976758,7,2017-5-7,2019-6-1,26630,2573,http://phdru.name/
7976758,8,2017-5-7,2019-9-1,30453,2831,http://phdru.name/
7998591,1,2017-5-11,2017-6-9,11,0,NULL
7998591,2,2017-5-11,2017-8-27,656,14,https://www.quora.com/profile/Kaushik-j-Nayak
7998591,3,2017-5-11,2017-12-3,3853,44,https://www.quora.com/profile/Kaushik-j-Nayak
7998591,4,2017-5-11,2018-6-3,11021,784,https://www.quora.com/profile/Kaushik-j-Nayak
7998591,5,2017-5-11,2018-9-2,13183,993,https://www.quora.com/profile/Kaushik-j-Nayak
7998591,6,2017-5-11,2018-12-2,16543,1147,https://www.quora.com/profile/Kaushik-j-Nayak
7998591,7,2017-5-11,2019-6-2,23813,1372,https://www.quora.com/profile/Kaushik-j-Nayak
7998591,8,2017-5-11,2019-8-30,25957,1470,https://www.quora.com/profile/Kaushik-j-Nayak
8016720,1,2017-5-15,2017-5-18,36,0,NULL
8016720,2,2017-5-15,2017-12-3,3896,193,https://www.neoprime.io
8016720,3,2017-5-15,2018-6-2,6208,360,https://www.neoprime.io
8016720,4,2017-5-15,2018-9-2,8212,474,https://www.neoprime.io
8016720,5,2017-5-15,2018-12-2,11350,720,https://www.neoprime.io
8016720,6,2017-5-15,2019-6-2,18876,1206,https://www.jhanley.com
8016720,7,2017-5-15,2019-9-1,22657,1367,https://www.jhanley.com
8073652,1,2017-5-27,2017-6-9,36,4,https://blog.simon-wirtz.de
8073652,2,2017-5-27,2017-8-27,878,94,https://blog.simon-wirtz.de
8073652,3,2017-5-27,2017-12-2,5615,370,https://blog.simon-wirtz.de
8073652,4,2017-5-27,2018-6-3,17421,675,https://kotlinexpertise.com
8073652,5,2017-5-27,2018-9-2,20708,705,https://kotlinexpertise.com
8073652,6,2017-5-27,2018-12-2,24264,718,https://kotlinexpertise.com
8073652,7,2017-5-27,2019-6-1,32149,733,https://kotlinexpertise.com
8073652,8,2017-5-27,2019-9-1,35307,736,https://kotlinexpertise.com
8200937,1,2017-6-22,2017-8-26,2970,245,
8200937,2,2017-6-22,2017-12-2,10453,1010,
8200937,3,2017-6-22,2018-6-3,16688,1216,
8200937,4,2017-6-22,2018-9-1,18186,1270,
8200937,5,2017-6-22,2018-12-1,19896,1298,
8200937,6,2017-6-22,2019-6-1,23258,1362,
8200937,7,2017-6-22,2019-8-31,24843,1374,
8245406,1,2017-7-2,2017-8-26,2070,77,NULL
8245406,2,2017-7-2,2017-12-2,5470,494,NULL
8245406,3,2017-7-2,2018-6-2,8218,1417,NULL
8245406,4,2017-7-2,2018-9-1,11945,2366,NULL
8245406,5,2017-7-2,2018-12-1,14965,3059,NULL
8245406,6,2017-7-2,2019-6-1,19410,4176,NULL
8245406,7,2017-7-2,2019-8-31,23413,5112,NULL
8283848,1,2017-7-10,2017-8-25,49,15,
8283848,2,2017-7-10,2017-12-1,58,28,
8283848,3,2017-7-10,2018-6-1,3137,138,
8283848,4,2017-7-10,2018-9-2,8701,318,
8283848,5,2017-7-10,2018-12-2,12518,465,
8283848,6,2017-7-10,2019-6-2,19989,760,
8283848,7,2017-7-10,2019-9-1,22279,889,
8298909,1,2017-7-12,2017-8-26,3440,10,
8298909,2,2017-7-12,2017-12-2,7561,23,
8298909,3,2017-7-12,2018-6-2,13592,59,
8298909,4,2017-7-12,2018-9-2,15894,72,
8298909,5,2017-7-12,2018-12-2,21264,156,
8298909,6,2017-7-12,2019-6-2,26191,225,
8298909,7,2017-7-12,2019-8-31,28962,265,
8394265,1,2017-7-31,2017-8-27,111,2,NULL
8394265,2,2017-7-31,2017-12-3,1016,13,NULL
8394265,3,2017-7-31,2018-6-3,7680,66,
8394265,4,2017-7-31,2018-9-2,14581,112,
8394265,5,2017-7-31,2018-12-2,21571,146,
8394265,6,2017-7-31,2019-6-2,44169,192,
8394265,7,2017-7-31,2019-9-1,57396,211,
8620333,1,2017-9-16,2017-12-2,6544,351,http://www.temani-afif.com/
8620333,2,2017-9-16,2018-6-3,36057,1031,https://www.temani-afif.com/
8620333,3,2017-9-16,2018-9-2,49936,1388,https://www.temani-afif.com/so
8620333,4,2017-9-16,2018-12-2,61042,1664,https://www.temani-afif.com/so
8620333,5,2017-9-16,2019-6-2,89028,2438,https://temani-afif.com/so
8620333,6,2017-9-16,2019-9-1,101124,2756,https://temani-afif.com/so
8708364,1,2017-10-2,2017-12-1,53,2,
8708364,2,2017-10-2,2018-6-3,312,8,
8708364,3,2017-10-2,2018-9-2,3931,397,
8708364,4,2017-10-2,2018-11-30,10244,864,
8708364,5,2017-10-2,2019-6-2,20933,1756,
8708364,6,2017-10-2,2019-9-1,28518,2125,
9072753,1,2017-12-8,2018-6-3,1510,8,http://www.dyzio.pl
9072753,2,2017-12-8,2018-9-1,3619,42,http://www.dyzio.pl
9072753,3,2017-12-8,2018-12-2,7837,128,http://www.dyzio.pl
9072753,4,2017-12-8,2019-6-1,16152,571,http://www.dyzio.pl
9072753,5,2017-12-8,2019-9-1,20414,845,http://www.dyzio.pl
9097906,1,2017-12-14,2018-6-3,9598,455,
9097906,2,2017-12-14,2018-9-1,14615,984,
9097906,3,2017-12-14,2018-12-2,18587,1457,
9097906,4,2017-12-14,2019-6-2,28791,2083,
9097906,5,2017-12-14,2019-9-1,32963,2322,
9209546,1,2018-1-12,2018-6-3,37271,3136,
9209546,2,2018-1-12,2018-9-2,61556,4964,
9209546,3,2018-1-12,2018-12-1,85581,6644,
9209546,4,2018-1-12,2019-6-1,104279,7755,
9209546,5,2018-1-12,2019-8-31,106922,7841,
9473764,1,2018-3-11,2018-6-2,5444,49,
9473764,2,2018-3-11,2018-9-2,10025,96,
9473764,3,2018-3-11,2018-12-2,20586,241,
9473764,4,2018-3-11,2019-6-2,48221,599,
9473764,5,2018-3-11,2019-9-1,51805,658,
9515207,1,2018-3-19,2018-6-3,21915,846,
9515207,2,2018-3-19,2018-9-2,46066,1501,
9515207,3,2018-3-19,2018-12-2,68452,1902,
9515207,4,2018-3-19,2019-6-2,109998,2483,
9515207,5,2018-3-19,2019-9-1,128217,2677,
9593596,1,2018-4-3,2018-4-4,1,0,
9593596,2,2018-4-3,2018-9-1,5546,727,
9593596,3,2018-4-3,2018-12-1,9851,1130,
9593596,4,2018-4-3,2019-6-1,18168,1520,
9593596,5,2018-4-3,2019-8-31,25306,1690,
9624435,1,2018-4-10,2018-5-24,13,0,NULL
9624435,2,2018-4-10,2018-7-8,13,0,NULL
9624435,3,2018-4-10,2018-12-2,219,5,
9624435,4,2018-4-10,2019-6-2,14845,386,
9624435,5,2018-4-10,2019-9-1,22836,651,
9661424,1,2018-4-17,2018-6-3,2836,484,
9661424,2,2018-4-17,2018-9-2,8603,1733,
9661424,3,2018-4-17,2018-11-28,10879,2050,
9661424,4,2018-4-17,2019-6-2,20051,3330,
9661424,5,2018-4-17,2019-8-30,22022,3659,
9698684,1,2018-4-25,2018-6-1,59,7,NULL
9698684,2,2018-4-25,2018-8-31,84,13,NULL
9698684,3,2018-4-25,2018-12-1,1438,95,
9698684,4,2018-4-25,2019-6-1,23056,1551,
9698684,5,2018-4-25,2019-8-31,31261,1920,
9819146,1,2018-5-20,2018-5-20,1,0,NULL
9819146,2,2018-5-20,2018-8-29,1,0,NULL
9819146,3,2018-5-20,2018-11-7,1,0,NULL
9819146,4,2018-5-20,2019-6-2,20269,1188,NULL
9819146,5,2018-5-20,2019-9-1,23622,1326,NULL
9840637,1,2018-5-24,2018-6-1,1,0,
9840637,2,2018-5-24,2018-9-2,116,48,
9840637,3,2018-5-24,2018-12-2,589,159,
9840637,4,2018-5-24,2019-6-2,15406,1837,https://www.linkedin.com/in/ankan-mukherjee-0378a1b0/
9840637,5,2018-5-24,2019-9-1,23996,2905,https://www.linkedin.com/in/ankan-mukherjee-0378a1b0/
9867451,1,2018-5-30,2018-5-30,1,0,NULL
9867451,2,2016-7-27,2018-9-2,19478,2448,NULL
9867451,3,2016-7-27,2018-12-2,21124,2858,
9867451,4,2016-7-27,2019-5-29,22557,3218,
9867451,5,2016-7-27,2019-8-27,22894,3247,
10008173,1,2018-6-28,2018-9-2,3680,130,
10008173,2,2018-6-28,2018-12-2,8428,212,
10008173,3,2018-6-28,2019-6-2,18611,306,
10008173,4,2018-6-28,2019-9-1,23754,344,
10035985,1,2018-7-5,2018-8-31,7154,140,
10035985,2,2018-7-5,2018-12-1,7279,141,
10035985,3,2018-7-5,2019-6-1,7598,147,
10035985,4,2018-7-5,2019-8-31,20347,344,
10190237,1,2018-8-7,2018-9-2,1639,17,
10190237,2,2018-8-7,2018-12-2,8743,122,
10190237,3,2018-8-7,2019-6-2,21709,444,
10190237,4,2018-8-7,2019-9-1,22147,454,
10221765,1,2018-8-13,2018-9-2,1031,549,http://cgs-jack-bashford.github.io
10221765,2,2018-8-13,2018-12-2,3421,1401,https://jackbashford.com
10221765,3,2018-8-13,2019-6-2,23887,4162,
10221765,4,2018-8-13,2019-9-1,33597,5100,
10498828,1,2018-10-13,2018-12-1,4997,22,NULL
10498828,2,2018-10-13,2019-6-1,27441,194,NULL
10498828,3,2018-10-13,2019-8-31,42199,329,NULL
10676716,1,2018-11-19,2018-12-2,564,14,NULL
10676716,2,2018-11-19,2019-6-1,22187,1017,
10676716,3,2018-11-19,2019-9-1,22360,1018,
