Id,status,reputation,cdate,rdate
5740031,1,1,2016-1-3,2016-1-4
5740031,2,5,2016-1-3,2016-1-5
5740031,3,10,2016-1-3,2016-1-6
5740031,4,15,2016-1-3,2016-1-7
5740031,5,20,2016-1-3,2016-1-8
5740031,6,50,2016-1-3,2016-1-14
5740031,7,75,2016-1-3,2016-1-19
5740031,8,100,2016-1-3,2016-1-24
5740031,9,125,2016-1-3,2016-1-29
5740031,10,200,2016-1-3,2016-2-13
5740031,11,250,2016-1-3,2016-2-23
5740031,12,500,2016-1-3,2016-5-11
5740031,13,1000,2016-1-3,2016-10-13
5740031,14,1500,2016-1-3,2016-12-1
5740031,15,2000,2016-1-3,2017-1-18
5740031,16,2500,2016-1-3,2017-3-7
5740031,17,3000,2016-1-3,2017-4-24
5740031,18,5000,2016-1-3,2017-9-6
5740031,19,10000,2016-1-3,2017-12-10
5740031,20,15000,2016-1-3,2018-3-14
5740031,21,20000,2016-1-3,2018-8-30
5741205,1,1,2016-1-3,2016-1-4
5741205,2,5,2016-1-3,2016-1-5
5741205,3,10,2016-1-3,2016-1-6
5741205,4,15,2016-1-3,2016-1-7
5741205,5,20,2016-1-3,2016-1-8
5741205,6,50,2016-1-3,2016-1-9
5741205,7,75,2016-1-3,2016-1-10
5741205,8,100,2016-1-3,2016-1-11
5741205,9,125,2016-1-3,2016-1-12
5741205,10,200,2016-1-3,2016-1-15
5741205,11,250,2016-1-3,2016-1-17
5741205,12,500,2016-1-3,2016-1-24
5741205,13,1000,2016-1-3,2016-2-7
5741205,14,1500,2016-1-3,2016-2-21
5741205,15,2000,2016-1-3,2016-2-26
5741205,16,2500,2016-1-3,2016-3-2
5741205,17,3000,2016-1-3,2016-3-7
5741205,18,5000,2016-1-3,2016-3-26
5741205,19,10000,2016-1-3,2016-5-13
5741205,20,15000,2016-1-3,2016-6-30
5741205,21,20000,2016-1-3,2016-8-16
5743988,1,1,2016-1-4,2016-1-5
5743988,2,5,2016-1-4,2016-1-7
5743988,3,10,2016-1-4,2016-1-9
5743988,4,15,2016-1-4,2016-1-11
5743988,5,20,2016-1-4,2016-1-13
5743988,6,50,2016-1-4,2016-1-23
5743988,7,75,2016-1-4,2016-2-1
5743988,8,100,2016-1-4,2016-2-10
5743988,9,125,2016-1-4,2016-2-18
5743988,10,200,2016-1-4,2016-2-21
5743988,11,250,2016-1-4,2016-2-23
5743988,12,500,2016-1-4,2016-3-1
5743988,13,1000,2016-1-4,2016-3-15
5743988,14,1500,2016-1-4,2016-3-29
5743988,15,2000,2016-1-4,2016-4-12
5743988,16,2500,2016-1-4,2016-4-26
5743988,17,3000,2016-1-4,2016-5-10
5743988,18,5000,2016-1-4,2016-7-4
5743988,19,10000,2016-1-4,2016-11-16
5743988,20,15000,2016-1-4,2017-7-14
5743988,21,20000,2016-1-4,2018-8-25
5761558,1,1,2016-1-8,2016-1-9
5761558,2,5,2016-1-8,2016-1-10
5761558,3,10,2016-1-8,2016-1-11
5761558,4,15,2016-1-8,2016-1-12
5761558,5,20,2016-1-8,2016-1-13
5761558,6,50,2016-1-8,2016-1-16
5761558,7,75,2016-1-8,2016-1-19
5761558,8,100,2016-1-8,2016-1-22
5761558,9,125,2016-1-8,2016-1-25
5761558,10,200,2016-1-8,2016-2-2
5761558,11,250,2016-1-8,2016-2-7
5761558,12,500,2016-1-8,2016-3-1
5761558,13,1000,2016-1-8,2016-8-1
5761558,14,1500,2016-1-8,2017-3-28
5761558,15,2000,2016-1-8,2017-5-1
5761558,16,2500,2016-1-8,2017-6-4
5761558,17,3000,2016-1-8,2017-7-8
5761558,18,5000,2016-1-8,2017-11-21
5761558,19,10000,2016-1-8,2018-5-12
5761558,20,15000,2016-1-8,2018-9-15
5761558,21,20000,2016-1-8,2019-1-14
5768908,1,1,2016-1-10,2016-1-11
5768908,2,5,2016-1-10,2016-1-15
5768908,3,10,2016-1-10,2016-1-20
5768908,4,15,2016-1-10,2016-1-25
5768908,5,20,2016-1-10,2016-1-30
5768908,6,50,2016-1-10,2016-2-29
5768908,7,75,2016-1-10,2016-3-1
5768908,8,100,2016-1-10,2016-3-2
5768908,9,125,2016-1-10,2016-3-3
5768908,10,200,2016-1-10,2016-3-5
5768908,11,250,2016-1-10,2016-3-7
5768908,12,500,2016-1-10,2016-3-13
5768908,13,1000,2016-1-10,2016-3-23
5768908,14,1500,2016-1-10,2016-4-2
5768908,15,2000,2016-1-10,2016-4-12
5768908,16,2500,2016-1-10,2016-4-22
5768908,17,3000,2016-1-10,2016-5-2
5768908,18,5000,2016-1-10,2016-6-11
5768908,19,10000,2016-1-10,2016-9-19
5768908,20,15000,2016-1-10,2016-11-19
5768908,21,20000,2016-1-10,2017-1-19
5771269,1,1,2016-1-10,2016-1-11
5771269,2,5,2016-1-10,2016-1-12
5771269,3,10,2016-1-10,2016-1-13
5771269,4,15,2016-1-10,2016-1-14
5771269,5,20,2016-1-10,2016-1-15
5771269,6,50,2016-1-10,2016-1-17
5771269,7,75,2016-1-10,2016-1-19
5771269,8,100,2016-1-10,2016-1-21
5771269,9,125,2016-1-10,2016-1-23
5771269,10,200,2016-1-10,2016-1-27
5771269,11,250,2016-1-10,2016-1-30
5771269,12,500,2016-1-10,2016-2-9
5771269,13,1000,2016-1-10,2016-2-29
5771269,14,1500,2016-1-10,2016-3-26
5771269,15,2000,2016-1-10,2016-4-21
5771269,16,2500,2016-1-10,2016-5-17
5771269,17,3000,2016-1-10,2016-6-12
5771269,18,5000,2016-1-10,2016-9-21
5771269,19,10000,2016-1-10,2017-8-6
5771269,20,15000,2016-1-10,2018-8-17
5771269,21,20000,2016-1-10,2019-4-4
5772882,1,1,2016-1-11,2016-1-15
5772882,2,5,2016-1-11,2016-1-29
5772882,3,10,2016-1-11,2016-2-14
5772882,4,15,2016-1-11,2016-3-1
5772882,5,20,2016-1-11,2016-3-2
5772882,6,50,2016-1-11,2016-3-6
5772882,7,75,2016-1-11,2016-3-9
5772882,8,100,2016-1-11,2016-3-12
5772882,9,125,2016-1-11,2016-3-15
5772882,10,200,2016-1-11,2016-3-24
5772882,11,250,2016-1-11,2016-3-30
5772882,12,500,2016-1-11,2016-4-29
5772882,13,1000,2016-1-11,2016-6-28
5772882,14,1500,2016-1-11,2016-8-27
5772882,15,2000,2016-1-11,2016-10-25
5772882,16,2500,2016-1-11,2016-11-14
5772882,17,3000,2016-1-11,2016-12-4
5772882,18,5000,2016-1-11,2017-2-21
5772882,19,10000,2016-1-11,2017-10-3
5772882,20,15000,2016-1-11,2018-2-23
5772882,21,20000,2016-1-11,2018-7-10
5801661,1,1,2016-1-17,2016-1-18
5801661,2,5,2016-1-17,2016-1-19
5801661,3,10,2016-1-17,2016-1-20
5801661,4,15,2016-1-17,2016-1-21
5801661,5,20,2016-1-17,2016-1-22
5801661,6,50,2016-1-17,2016-1-24
5801661,7,75,2016-1-17,2016-1-26
5801661,8,100,2016-1-17,2016-1-28
5801661,9,125,2016-1-17,2016-1-30
5801661,10,200,2016-1-17,2016-2-4
5801661,11,250,2016-1-17,2016-2-8
5801661,12,500,2016-1-17,2016-2-24
5801661,13,1000,2016-1-17,2016-3-16
5801661,14,1500,2016-1-17,2016-4-5
5801661,15,2000,2016-1-17,2016-4-25
5801661,16,2500,2016-1-17,2016-5-15
5801661,17,3000,2016-1-17,2016-6-4
5801661,18,5000,2016-1-17,2016-8-23
5801661,19,10000,2016-1-17,2017-2-23
5801661,20,15000,2016-1-17,2017-10-18
5801661,21,20000,2016-1-17,2018-8-28
5820010,1,1,2016-1-21,2016-3-3
5820010,2,5,2016-1-21,2016-3-4
5820010,3,10,2016-1-21,2016-3-5
5820010,4,15,2016-1-21,2016-3-6
5820010,5,20,2016-1-21,2016-3-7
5820010,6,50,2016-1-21,2016-3-9
5820010,7,75,2016-1-21,2016-3-11
5820010,8,100,2016-1-21,2016-3-13
5820010,9,125,2016-1-21,2016-3-15
5820010,10,200,2016-1-21,2016-3-20
5820010,11,250,2016-1-21,2016-3-23
5820010,12,500,2016-1-21,2016-4-6
5820010,13,1000,2016-1-21,2016-5-4
5820010,14,1500,2016-1-21,2016-6-1
5820010,15,2000,2016-1-21,2016-6-29
5820010,16,2500,2016-1-21,2016-7-26
5820010,17,3000,2016-1-21,2016-8-22
5820010,18,5000,2016-1-21,2016-12-8
5820010,19,10000,2016-1-21,2017-9-4
5820010,20,15000,2016-1-21,2018-6-1
5820010,21,20000,2016-1-21,2018-7-15
5836671,1,1,2016-1-25,2016-3-4
5836671,2,5,2016-1-25,2016-3-5
5836671,3,10,2016-1-25,2016-3-6
5836671,4,15,2016-1-25,2016-3-7
5836671,5,20,2016-1-25,2016-3-8
5836671,6,50,2016-1-25,2016-3-11
5836671,7,75,2016-1-25,2016-3-13
5836671,8,100,2016-1-25,2016-3-15
5836671,9,125,2016-1-25,2016-3-17
5836671,10,200,2016-1-25,2016-3-23
5836671,11,250,2016-1-25,2016-3-27
5836671,12,500,2016-1-25,2016-4-15
5836671,13,1000,2016-1-25,2016-5-23
5836671,14,1500,2016-1-25,2016-6-30
5836671,15,2000,2016-1-25,2016-8-6
5836671,16,2500,2016-1-25,2016-9-12
5836671,17,3000,2016-1-25,2016-10-19
5836671,18,5000,2016-1-25,2016-12-22
5836671,19,10000,2016-1-25,2017-5-30
5836671,20,15000,2016-1-25,2017-12-28
5836671,21,20000,2016-1-25,2018-8-18
5841306,1,1,2016-1-26,2016-3-4
5841306,2,5,2016-1-26,2016-3-21
5841306,3,10,2016-1-26,2016-4-11
5841306,4,15,2016-1-26,2016-5-2
5841306,5,20,2016-1-26,2016-5-23
5841306,6,50,2016-1-26,2016-9-25
5841306,7,75,2016-1-26,2017-1-8
5841306,8,100,2016-1-26,2017-4-22
5841306,9,125,2016-1-26,2017-5-25
5841306,10,200,2016-1-26,2017-6-6
5841306,11,250,2016-1-26,2017-6-14
5841306,12,500,2016-1-26,2017-7-22
5841306,13,1000,2016-1-26,2017-10-6
5841306,14,1500,2016-1-26,2017-10-31
5841306,15,2000,2016-1-26,2017-11-25
5841306,16,2500,2016-1-26,2017-12-20
5841306,17,3000,2016-1-26,2018-1-14
5841306,18,5000,2016-1-26,2018-4-20
5841306,19,10000,2016-1-26,2018-10-14
5841306,20,15000,2016-1-26,2019-3-23
5841306,21,20000,2016-1-26,2019-8-6
5858851,1,1,2016-1-29,2016-3-1
5858851,2,5,2016-1-29,2016-3-14
5858851,3,10,2016-1-29,2016-3-30
5858851,4,15,2016-1-29,2016-4-15
5858851,5,20,2016-1-29,2016-5-1
5858851,6,50,2016-1-29,2016-8-3
5858851,7,75,2016-1-29,2016-10-21
5858851,8,100,2016-1-29,2017-6-2
5858851,9,125,2016-1-29,2017-6-21
5858851,10,200,2016-1-29,2017-8-17
5858851,11,250,2016-1-29,2017-9-24
5858851,12,500,2016-1-29,2017-10-2
5858851,13,1000,2016-1-29,2017-10-18
5858851,14,1500,2016-1-29,2017-11-3
5858851,15,2000,2016-1-29,2017-11-19
5858851,16,2500,2016-1-29,2017-12-5
5858851,17,3000,2016-1-29,2017-12-21
5858851,18,5000,2016-1-29,2018-2-23
5858851,19,10000,2016-1-29,2018-8-6
5858851,20,15000,2016-1-29,2019-1-25
5858851,21,20000,2016-1-29,2019-7-24
5862071,1,1,2016-1-30,2016-2-3
5862071,2,5,2016-1-30,2016-2-4
5862071,3,10,2016-1-30,2016-2-5
5862071,4,15,2016-1-30,2016-2-6
5862071,5,20,2016-1-30,2016-2-7
5862071,6,50,2016-1-30,2016-2-10
5862071,7,75,2016-1-30,2016-2-12
5862071,8,100,2016-1-30,2016-2-14
5862071,9,125,2016-1-30,2016-2-16
5862071,10,200,2016-1-30,2016-2-22
5862071,11,250,2016-1-30,2016-2-26
5862071,12,500,2016-1-30,2016-3-14
5862071,13,1000,2016-1-30,2016-4-17
5862071,14,1500,2016-1-30,2016-5-21
5862071,15,2000,2016-1-30,2016-6-24
5862071,16,2500,2016-1-30,2016-7-28
5862071,17,3000,2016-1-30,2016-8-31
5862071,18,5000,2016-1-30,2017-1-12
5862071,19,10000,2016-1-30,2017-9-21
5862071,20,15000,2016-1-30,2017-12-22
5862071,21,20000,2016-1-30,2018-3-24
5866580,1,1,2016-2-1,2016-2-29
5866580,2,5,2016-2-1,2016-3-1
5866580,3,10,2016-2-1,2016-3-3
5866580,4,15,2016-2-1,2016-3-5
5866580,5,20,2016-2-1,2016-3-7
5866580,6,50,2016-2-1,2016-3-15
5866580,7,75,2016-2-1,2016-3-22
5866580,8,100,2016-2-1,2016-3-29
5866580,9,125,2016-2-1,2016-4-5
5866580,10,200,2016-2-1,2016-4-24
5866580,11,250,2016-2-1,2016-5-7
5866580,12,500,2016-2-1,2016-7-8
5866580,13,1000,2016-2-1,2016-11-8
5866580,14,1500,2016-2-1,2017-3-11
5866580,15,2000,2016-2-1,2017-4-26
5866580,16,2500,2016-2-1,2017-6-10
5866580,17,3000,2016-2-1,2017-7-25
5866580,18,5000,2016-2-1,2017-10-18
5866580,19,10000,2016-2-1,2018-2-5
5866580,20,15000,2016-2-1,2018-5-26
5866580,21,20000,2016-2-1,2018-8-17
5880706,1,1,2016-2-4,2016-3-4
5880706,2,5,2016-2-4,2016-3-5
5880706,3,10,2016-2-4,2016-3-7
5880706,4,15,2016-2-4,2016-3-9
5880706,5,20,2016-2-4,2016-3-11
5880706,6,50,2016-2-4,2016-3-18
5880706,7,75,2016-2-4,2016-3-24
5880706,8,100,2016-2-4,2016-3-30
5880706,9,125,2016-2-4,2016-4-5
5880706,10,200,2016-2-4,2016-4-21
5880706,11,250,2016-2-4,2016-5-2
5880706,12,500,2016-2-4,2016-6-24
5880706,13,1000,2016-2-4,2016-10-7
5880706,14,1500,2016-2-4,2017-1-20
5880706,15,2000,2016-2-4,2017-5-5
5880706,16,2500,2016-2-4,2017-5-18
5880706,17,3000,2016-2-4,2017-5-31
5880706,18,5000,2016-2-4,2017-7-19
5880706,19,10000,2016-2-4,2017-10-30
5880706,20,15000,2016-2-4,2018-2-10
5880706,21,20000,2016-2-4,2018-5-24
5892036,1,1,2016-2-6,2016-2-7
5892036,2,5,2016-2-6,2016-2-8
5892036,3,10,2016-2-6,2016-2-9
5892036,4,15,2016-2-6,2016-2-10
5892036,5,20,2016-2-6,2016-2-11
5892036,6,50,2016-2-6,2016-2-12
5892036,7,75,2016-2-6,2016-2-13
5892036,8,100,2016-2-6,2016-2-14
5892036,9,125,2016-2-6,2016-2-15
5892036,10,200,2016-2-6,2016-2-18
5892036,11,250,2016-2-6,2016-2-20
5892036,12,500,2016-2-6,2016-2-27
5892036,13,1000,2016-2-6,2016-3-14
5892036,14,1500,2016-2-6,2016-3-30
5892036,15,2000,2016-2-6,2016-4-15
5892036,16,2500,2016-2-6,2016-5-1
5892036,17,3000,2016-2-6,2016-5-17
5892036,18,5000,2016-2-6,2016-7-18
5892036,19,10000,2016-2-6,2017-2-23
5892036,20,15000,2016-2-6,2018-4-19
5892036,21,20000,2016-2-6,2019-2-18
5910058,1,1,2016-2-10,2016-2-11
5910058,2,5,2016-2-10,2016-2-13
5910058,3,10,2016-2-10,2016-2-15
5910058,4,15,2016-2-10,2016-2-17
5910058,5,20,2016-2-10,2016-2-19
5910058,6,50,2016-2-10,2016-3-2
5910058,7,75,2016-2-10,2016-3-4
5910058,8,100,2016-2-10,2016-3-6
5910058,9,125,2016-2-10,2016-3-8
5910058,10,200,2016-2-10,2016-3-12
5910058,11,250,2016-2-10,2016-3-15
5910058,12,500,2016-2-10,2016-3-27
5910058,13,1000,2016-2-10,2016-4-20
5910058,14,1500,2016-2-10,2016-5-14
5910058,15,2000,2016-2-10,2016-6-7
5910058,16,2500,2016-2-10,2016-7-1
5910058,17,3000,2016-2-10,2016-7-25
5910058,18,5000,2016-2-10,2016-10-29
5910058,19,10000,2016-2-10,2017-8-25
5910058,20,15000,2016-2-10,2018-10-10
5910058,21,20000,2016-2-10,2019-6-24
5928186,1,1,2016-2-15,2016-3-5
5928186,2,5,2016-2-15,2016-3-6
5928186,3,10,2016-2-15,2016-3-7
5928186,4,15,2016-2-15,2016-3-8
5928186,5,20,2016-2-15,2016-3-9
5928186,6,50,2016-2-15,2016-3-11
5928186,7,75,2016-2-15,2016-3-12
5928186,8,100,2016-2-15,2016-3-13
5928186,9,125,2016-2-15,2016-3-14
5928186,10,200,2016-2-15,2016-3-17
5928186,11,250,2016-2-15,2016-3-19
5928186,12,500,2016-2-15,2016-3-29
5928186,13,1000,2016-2-15,2016-4-18
5928186,14,1500,2016-2-15,2016-5-8
5928186,15,2000,2016-2-15,2016-5-28
5928186,16,2500,2016-2-15,2016-6-17
5928186,17,3000,2016-2-15,2016-7-7
5928186,18,5000,2016-2-15,2016-9-24
5928186,19,10000,2016-2-15,2016-12-25
5928186,20,15000,2016-2-15,2017-3-27
5928186,21,20000,2016-2-15,2017-6-15
5933656,1,1,2016-2-16,2016-3-4
5933656,2,5,2016-2-16,2016-3-5
5933656,3,10,2016-2-16,2016-3-6
5933656,4,15,2016-2-16,2016-3-7
5933656,5,20,2016-2-16,2016-3-8
5933656,6,50,2016-2-16,2016-3-9
5933656,7,75,2016-2-16,2016-3-10
5933656,8,100,2016-2-16,2016-3-11
5933656,9,125,2016-2-16,2016-3-12
5933656,10,200,2016-2-16,2016-3-15
5933656,11,250,2016-2-16,2016-3-17
5933656,12,500,2016-2-16,2016-3-26
5933656,13,1000,2016-2-16,2016-4-12
5933656,14,1500,2016-2-16,2016-4-29
5933656,15,2000,2016-2-16,2016-5-16
5933656,16,2500,2016-2-16,2016-6-1
5933656,17,3000,2016-2-16,2016-6-17
5933656,18,5000,2016-2-16,2016-8-20
5933656,19,10000,2016-2-16,2017-3-22
5933656,20,15000,2016-2-16,2018-3-18
5933656,21,20000,2016-2-16,2019-1-25
5947043,1,1,2016-2-18,2016-2-19
5947043,2,5,2016-2-18,2016-2-20
5947043,3,10,2016-2-18,2016-2-21
5947043,4,15,2016-2-18,2016-2-22
5947043,5,20,2016-2-18,2016-2-23
5947043,6,50,2016-2-18,2016-2-29
5947043,7,75,2016-2-18,2016-3-4
5947043,8,100,2016-2-18,2016-3-6
5947043,9,125,2016-2-18,2016-3-8
5947043,10,200,2016-2-18,2016-3-14
5947043,11,250,2016-2-18,2016-3-18
5947043,12,500,2016-2-18,2016-4-7
5947043,13,1000,2016-2-18,2016-5-17
5947043,14,1500,2016-2-18,2016-6-26
5947043,15,2000,2016-2-18,2016-8-5
5947043,16,2500,2016-2-18,2016-9-13
5947043,17,3000,2016-2-18,2016-10-22
5947043,18,5000,2016-2-18,2017-2-9
5947043,19,10000,2016-2-18,2017-9-13
5947043,20,15000,2016-2-18,2018-3-14
5947043,21,20000,2016-2-18,2018-9-13
5958455,1,1,2016-2-21,2016-2-22
5958455,2,5,2016-2-21,2016-3-3
5958455,3,10,2016-2-21,2016-3-15
5958455,4,15,2016-2-21,2016-3-27
5958455,5,20,2016-2-21,2016-4-8
5958455,6,50,2016-2-21,2016-6-18
5958455,7,75,2016-2-21,2016-8-16
5958455,8,100,2016-2-21,2016-10-14
5958455,9,125,2016-2-21,2016-12-12
5958455,10,200,2016-2-21,2017-6-4
5958455,11,250,2016-2-21,2017-6-9
5958455,12,500,2016-2-21,2017-7-4
5958455,13,1000,2016-2-21,2017-8-22
5958455,14,1500,2016-2-21,2017-9-7
5958455,15,2000,2016-2-21,2017-9-23
5958455,16,2500,2016-2-21,2017-10-9
5958455,17,3000,2016-2-21,2017-10-25
5958455,18,5000,2016-2-21,2017-12-7
5958455,19,10000,2016-2-21,2018-3-24
5958455,20,15000,2016-2-21,2018-10-1
5958455,21,20000,2016-2-21,2019-3-25
5974433,1,1,2016-2-24,2016-3-5
5974433,2,5,2016-2-24,2016-3-6
5974433,3,10,2016-2-24,2016-3-7
5974433,4,15,2016-2-24,2016-3-8
5974433,5,20,2016-2-24,2016-3-9
5974433,6,50,2016-2-24,2016-3-13
5974433,7,75,2016-2-24,2016-3-16
5974433,8,100,2016-2-24,2016-3-19
5974433,9,125,2016-2-24,2016-3-22
5974433,10,200,2016-2-24,2016-3-31
5974433,11,250,2016-2-24,2016-4-6
5974433,12,500,2016-2-24,2016-5-6
5974433,13,1000,2016-2-24,2016-7-4
5974433,14,1500,2016-2-24,2016-9-1
5974433,15,2000,2016-2-24,2016-10-29
5974433,16,2500,2016-2-24,2016-11-18
5974433,17,3000,2016-2-24,2016-12-8
5974433,18,5000,2016-2-24,2017-2-25
5974433,19,10000,2016-2-24,2017-9-5
5974433,20,15000,2016-2-24,2018-3-2
5974433,21,20000,2016-2-24,2018-10-18
6022656,1,1,2016-3-5,2016-3-6
6022656,2,5,2016-3-5,2016-3-7
6022656,3,10,2016-3-5,2016-3-8
6022656,4,15,2016-3-5,2016-3-9
6022656,5,20,2016-3-5,2016-3-10
6022656,6,50,2016-3-5,2016-3-12
6022656,7,75,2016-3-5,2016-3-13
6022656,8,100,2016-3-5,2016-3-14
6022656,9,125,2016-3-5,2016-3-15
6022656,10,200,2016-3-5,2016-3-18
6022656,11,250,2016-3-5,2016-3-20
6022656,12,500,2016-3-5,2016-3-30
6022656,13,1000,2016-3-5,2016-4-19
6022656,14,1500,2016-3-5,2016-5-9
6022656,15,2000,2016-3-5,2016-5-29
6022656,16,2500,2016-3-5,2016-6-18
6022656,17,3000,2016-3-5,2016-7-7
6022656,18,5000,2016-3-5,2016-9-21
6022656,19,10000,2016-3-5,2017-3-8
6022656,20,15000,2016-3-5,2017-8-3
6022656,21,20000,2016-3-5,2017-12-21
6024220,1,1,2016-3-6,2016-3-7
6024220,2,5,2016-3-6,2016-5-2
6024220,3,10,2016-3-6,2016-7-10
6024220,4,15,2016-3-6,2016-9-17
6024220,5,20,2016-3-6,2016-11-25
6024220,6,50,2016-3-6,2016-12-1
6024220,7,75,2016-3-6,2016-12-6
6024220,8,100,2016-3-6,2016-12-11
6024220,9,125,2016-3-6,2016-12-16
6024220,10,200,2016-3-6,2016-12-30
6024220,11,250,2016-3-6,2017-1-8
6024220,12,500,2016-3-6,2017-2-21
6024220,13,1000,2016-3-6,2017-5-19
6024220,14,1500,2016-3-6,2017-8-14
6024220,15,2000,2016-3-6,2017-9-10
6024220,16,2500,2016-3-6,2017-10-7
6024220,17,3000,2016-3-6,2017-11-2
6024220,18,5000,2016-3-6,2018-2-13
6024220,19,10000,2016-3-6,2018-9-19
6024220,20,15000,2016-3-6,2019-1-24
6024220,21,20000,2016-3-6,2019-5-30
6067741,1,1,2016-3-15,2016-3-16
6067741,2,5,2016-3-15,2016-3-17
6067741,3,10,2016-3-15,2016-3-18
6067741,4,15,2016-3-15,2016-3-19
6067741,5,20,2016-3-15,2016-3-20
6067741,6,50,2016-3-15,2016-3-24
6067741,7,75,2016-3-15,2016-3-27
6067741,8,100,2016-3-15,2016-3-30
6067741,9,125,2016-3-15,2016-4-2
6067741,10,200,2016-3-15,2016-4-11
6067741,11,250,2016-3-15,2016-4-17
6067741,12,500,2016-3-15,2016-5-15
6067741,13,1000,2016-3-15,2016-7-10
6067741,14,1500,2016-3-15,2016-9-4
6067741,15,2000,2016-3-15,2016-10-30
6067741,16,2500,2016-3-15,2016-11-17
6067741,17,3000,2016-3-15,2016-12-5
6067741,18,5000,2016-3-15,2017-2-13
6067741,19,10000,2016-3-15,2017-7-31
6067741,20,15000,2016-3-15,2018-3-5
6067741,21,20000,2016-3-15,2018-8-27
6163022,1,1,2016-4-5,2016-4-6
6163022,2,5,2016-4-5,2016-4-7
6163022,3,10,2016-4-5,2016-4-8
6163022,4,15,2016-4-5,2016-4-9
6163022,5,20,2016-4-5,2016-4-10
6163022,6,50,2016-4-5,2016-4-11
6163022,7,75,2016-4-5,2016-4-12
6163022,8,100,2016-4-5,2016-4-13
6163022,9,125,2016-4-5,2016-4-14
6163022,10,200,2016-4-5,2016-4-16
6163022,11,250,2016-4-5,2016-4-18
6163022,12,500,2016-4-5,2016-4-25
6163022,13,1000,2016-4-5,2016-5-9
6163022,14,1500,2016-4-5,2016-5-23
6163022,15,2000,2016-4-5,2016-6-5
6163022,16,2500,2016-4-5,2016-6-18
6163022,17,3000,2016-4-5,2016-7-1
6163022,18,5000,2016-4-5,2016-8-22
6163022,19,10000,2016-4-5,2017-3-9
6163022,20,15000,2016-4-5,2017-11-2
6163022,21,20000,2016-4-5,2019-1-24
6167855,1,1,2016-4-6,2016-4-7
6167855,2,5,2016-4-6,2016-4-8
6167855,3,10,2016-4-6,2016-4-9
6167855,4,15,2016-4-6,2016-4-10
6167855,5,20,2016-4-6,2016-4-11
6167855,6,50,2016-4-6,2016-4-13
6167855,7,75,2016-4-6,2016-4-15
6167855,8,100,2016-4-6,2016-4-17
6167855,9,125,2016-4-6,2016-4-19
6167855,10,200,2016-4-6,2016-4-24
6167855,11,250,2016-4-6,2016-4-27
6167855,12,500,2016-4-6,2016-5-12
6167855,13,1000,2016-4-6,2016-6-10
6167855,14,1500,2016-4-6,2016-7-9
6167855,15,2000,2016-4-6,2016-8-7
6167855,16,2500,2016-4-6,2016-9-4
6167855,17,3000,2016-4-6,2016-10-2
6167855,18,5000,2016-4-6,2017-1-28
6167855,19,10000,2016-4-6,2017-8-14
6167855,20,15000,2016-4-6,2018-5-19
6167855,21,20000,2016-4-6,2018-11-26
6231153,1,1,2016-4-20,2016-4-21
6231153,2,5,2016-4-20,2016-4-22
6231153,3,10,2016-4-20,2016-4-23
6231153,4,15,2016-4-20,2016-4-24
6231153,5,20,2016-4-20,2016-4-25
6231153,6,50,2016-4-20,2016-4-26
6231153,7,75,2016-4-20,2016-4-27
6231153,8,100,2016-4-20,2016-4-28
6231153,9,125,2016-4-20,2016-4-29
6231153,10,200,2016-4-20,2016-5-1
6231153,11,250,2016-4-20,2016-5-3
6231153,12,500,2016-4-20,2016-5-9
6231153,13,1000,2016-4-20,2016-5-20
6231153,14,1500,2016-4-20,2016-5-31
6231153,15,2000,2016-4-20,2016-6-11
6231153,16,2500,2016-4-20,2016-6-22
6231153,17,3000,2016-4-20,2016-7-3
6231153,18,5000,2016-4-20,2016-8-14
6231153,19,10000,2016-4-20,2016-11-26
6231153,20,15000,2016-4-20,2017-5-17
6231153,21,20000,2016-4-20,2017-9-22
6238977,1,1,2016-4-22,2016-5-6
6238977,2,5,2016-4-22,2016-6-26
6238977,3,10,2016-4-22,2016-8-28
6238977,4,15,2016-4-22,2016-10-29
6238977,5,20,2016-4-22,2017-3-15
6238977,6,50,2016-4-22,2017-3-25
6238977,7,75,2016-4-22,2017-4-3
6238977,8,100,2016-4-22,2017-4-12
6238977,9,125,2016-4-22,2017-4-21
6238977,10,200,2016-4-22,2017-5-16
6238977,11,250,2016-4-22,2017-6-2
6238977,12,500,2016-4-22,2017-8-23
6238977,13,1000,2016-4-22,2017-9-24
6238977,14,1500,2016-4-22,2017-10-26
6238977,15,2000,2016-4-22,2017-11-26
6238977,16,2500,2016-4-22,2017-12-27
6238977,17,3000,2016-4-22,2018-1-27
6238977,18,5000,2016-4-22,2018-5-31
6238977,19,10000,2016-4-22,2018-11-15
6238977,20,15000,2016-4-22,2019-3-20
6238977,21,20000,2016-4-22,2019-8-12
6241235,1,1,2016-4-22,2016-5-6
6241235,2,5,2016-4-22,2016-6-18
6241235,3,10,2016-4-22,2017-1-28
6241235,4,15,2016-4-22,2017-5-13
6241235,5,20,2016-4-22,2017-8-26
6241235,6,50,2016-4-22,2017-8-28
6241235,7,75,2016-4-22,2017-8-30
6241235,8,100,2016-4-22,2017-9-1
6241235,9,125,2016-4-22,2017-9-3
6241235,10,200,2016-4-22,2017-9-7
6241235,11,250,2016-4-22,2017-9-10
6241235,12,500,2016-4-22,2017-9-22
6241235,13,1000,2016-4-22,2017-10-15
6241235,14,1500,2016-4-22,2017-11-7
6241235,15,2000,2016-4-22,2017-11-30
6241235,16,2500,2016-4-22,2017-12-10
6241235,17,3000,2016-4-22,2017-12-20
6241235,18,5000,2016-4-22,2018-1-26
6241235,19,10000,2016-4-22,2018-4-27
6241235,20,15000,2016-4-22,2018-6-27
6241235,21,20000,2016-4-22,2018-8-27
6257435,1,1,2016-4-26,2016-5-5
6257435,2,5,2016-4-26,2016-6-9
6257435,3,10,2016-4-26,2016-7-23
6257435,4,15,2016-4-26,2016-9-4
6257435,5,20,2016-4-26,2016-10-17
6257435,6,50,2016-4-26,2016-10-19
6257435,7,75,2016-4-26,2016-10-21
6257435,8,100,2016-4-26,2016-10-23
6257435,9,125,2016-4-26,2016-10-25
6257435,10,200,2016-4-26,2016-10-29
6257435,11,250,2016-4-26,2016-11-1
6257435,12,500,2016-4-26,2016-11-14
6257435,13,1000,2016-4-26,2016-12-9
6257435,14,1500,2016-4-26,2017-1-3
6257435,15,2000,2016-4-26,2017-1-28
6257435,16,2500,2016-4-26,2017-2-22
6257435,17,3000,2016-4-26,2017-3-19
6257435,18,5000,2016-4-26,2017-6-1
6257435,19,10000,2016-4-26,2018-2-16
6257435,20,15000,2016-4-26,2018-11-13
6257435,21,20000,2016-4-26,2019-6-27
6287308,1,1,2016-5-3,2016-12-10
6287308,2,5,2016-5-3,2016-12-11
6287308,3,10,2016-5-3,2016-12-12
6287308,4,15,2016-5-3,2016-12-13
6287308,5,20,2016-5-3,2016-12-14
6287308,6,50,2016-5-3,2016-12-16
6287308,7,75,2016-5-3,2016-12-17
6287308,8,100,2016-5-3,2016-12-18
6287308,9,125,2016-5-3,2016-12-19
6287308,10,200,2016-5-3,2016-12-22
6287308,11,250,2016-5-3,2016-12-24
6287308,12,500,2016-5-3,2017-1-3
6287308,13,1000,2016-5-3,2017-1-22
6287308,14,1500,2016-5-3,2017-2-10
6287308,15,2000,2016-5-3,2017-3-1
6287308,16,2500,2016-5-3,2017-3-20
6287308,17,3000,2016-5-3,2017-4-8
6287308,18,5000,2016-5-3,2017-7-13
6287308,19,10000,2016-5-3,2017-11-25
6287308,20,15000,2016-5-3,2018-8-27
6287308,21,20000,2016-5-3,2019-2-1
6287910,1,1,2016-5-3,2016-5-4
6287910,2,5,2016-5-3,2016-5-7
6287910,3,10,2016-5-3,2016-5-10
6287910,4,15,2016-5-3,2016-5-13
6287910,5,20,2016-5-3,2016-5-16
6287910,6,50,2016-5-3,2016-6-2
6287910,7,75,2016-5-3,2016-6-16
6287910,8,100,2016-5-3,2016-6-30
6287910,9,125,2016-5-3,2016-7-14
6287910,10,200,2016-5-3,2016-8-24
6287910,11,250,2016-5-3,2016-9-20
6287910,12,500,2016-5-3,2016-10-14
6287910,13,1000,2016-5-3,2016-12-1
6287910,14,1500,2016-5-3,2017-1-18
6287910,15,2000,2016-5-3,2017-3-7
6287910,16,2500,2016-5-3,2017-4-24
6287910,17,3000,2016-5-3,2017-6-10
6287910,18,5000,2016-5-3,2017-7-24
6287910,19,10000,2016-5-3,2017-11-13
6287910,20,15000,2016-5-3,2018-3-23
6287910,21,20000,2016-5-3,2018-8-13
6294072,1,1,2016-5-5,2016-5-7
6294072,2,5,2016-5-5,2016-5-13
6294072,3,10,2016-5-5,2016-5-21
6294072,4,15,2016-5-5,2016-5-29
6294072,5,20,2016-5-5,2016-6-6
6294072,6,50,2016-5-5,2016-7-21
6294072,7,75,2016-5-5,2016-8-27
6294072,8,100,2016-5-5,2016-10-3
6294072,9,125,2016-5-5,2016-11-9
6294072,10,200,2016-5-5,2016-11-11
6294072,11,250,2016-5-5,2016-11-12
6294072,12,500,2016-5-5,2016-11-17
6294072,13,1000,2016-5-5,2016-11-27
6294072,14,1500,2016-5-5,2016-12-7
6294072,15,2000,2016-5-5,2016-12-17
6294072,16,2500,2016-5-5,2016-12-27
6294072,17,3000,2016-5-5,2017-1-6
6294072,18,5000,2016-5-5,2017-2-13
6294072,19,10000,2016-5-5,2017-5-17
6294072,20,15000,2016-5-5,2017-8-21
6294072,21,20000,2016-5-5,2017-12-18
6336479,1,1,2016-5-15,2016-5-16
6336479,2,5,2016-5-15,2016-5-17
6336479,3,10,2016-5-15,2016-5-18
6336479,4,15,2016-5-15,2016-5-19
6336479,5,20,2016-5-15,2016-5-20
6336479,6,50,2016-5-15,2016-5-22
6336479,7,75,2016-5-15,2016-5-23
6336479,8,100,2016-5-15,2016-5-24
6336479,9,125,2016-5-15,2016-5-25
6336479,10,200,2016-5-15,2016-5-28
6336479,11,250,2016-5-15,2016-5-30
6336479,12,500,2016-5-15,2016-6-8
6336479,13,1000,2016-5-15,2016-6-26
6336479,14,1500,2016-5-15,2016-7-14
6336479,15,2000,2016-5-15,2016-8-1
6336479,16,2500,2016-5-15,2016-8-18
6336479,17,3000,2016-5-15,2016-9-4
6336479,18,5000,2016-5-15,2016-11-11
6336479,19,10000,2016-5-15,2017-2-7
6336479,20,15000,2016-5-15,2017-5-5
6336479,21,20000,2016-5-15,2017-10-23
6337748,1,1,2016-5-15,2016-5-16
6337748,2,5,2016-5-15,2016-5-17
6337748,3,10,2016-5-15,2016-5-18
6337748,4,15,2016-5-15,2016-5-19
6337748,5,20,2016-5-15,2016-5-20
6337748,6,50,2016-5-15,2016-5-22
6337748,7,75,2016-5-15,2016-5-24
6337748,8,100,2016-5-15,2016-5-26
6337748,9,125,2016-5-15,2016-5-28
6337748,10,200,2016-5-15,2016-6-2
6337748,11,250,2016-5-15,2016-6-5
6337748,12,500,2016-5-15,2016-6-19
6337748,13,1000,2016-5-15,2016-7-17
6337748,14,1500,2016-5-15,2016-8-14
6337748,15,2000,2016-5-15,2016-9-11
6337748,16,2500,2016-5-15,2016-10-9
6337748,17,3000,2016-5-15,2016-11-6
6337748,18,5000,2016-5-15,2017-2-20
6337748,19,10000,2016-5-15,2017-11-14
6337748,20,15000,2016-5-15,2018-10-10
6337748,21,20000,2016-5-15,2019-8-19
6344363,1,1,2016-5-17,2016-5-18
6344363,2,5,2016-5-17,2016-5-19
6344363,3,10,2016-5-17,2016-5-20
6344363,4,15,2016-5-17,2016-5-21
6344363,5,20,2016-5-17,2016-5-22
6344363,6,50,2016-5-17,2016-5-24
6344363,7,75,2016-5-17,2016-5-25
6344363,8,100,2016-5-17,2016-5-26
6344363,9,125,2016-5-17,2016-5-27
6344363,10,200,2016-5-17,2016-5-30
6344363,11,250,2016-5-17,2016-6-1
6344363,12,500,2016-5-17,2016-6-10
6344363,13,1000,2016-5-17,2016-6-28
6344363,14,1500,2016-5-17,2016-7-15
6344363,15,2000,2016-5-17,2016-8-1
6344363,16,2500,2016-5-17,2016-8-18
6344363,17,3000,2016-5-17,2016-9-4
6344363,18,5000,2016-5-17,2016-11-11
6344363,19,10000,2016-5-17,2017-2-4
6344363,20,15000,2016-5-17,2017-4-29
6344363,21,20000,2016-5-17,2017-8-5
6348498,1,1,2016-5-18,2016-5-19
6348498,2,5,2016-5-18,2016-5-21
6348498,3,10,2016-5-18,2016-5-23
6348498,4,15,2016-5-18,2016-5-25
6348498,5,20,2016-5-18,2016-5-27
6348498,6,50,2016-5-18,2016-6-4
6348498,7,75,2016-5-18,2016-6-11
6348498,8,100,2016-5-18,2016-6-18
6348498,9,125,2016-5-18,2016-6-25
6348498,10,200,2016-5-18,2016-7-15
6348498,11,250,2016-5-18,2016-7-28
6348498,12,500,2016-5-18,2016-10-1
6348498,13,1000,2016-5-18,2016-10-6
6348498,14,1500,2016-5-18,2016-10-11
6348498,15,2000,2016-5-18,2016-10-16
6348498,16,2500,2016-5-18,2016-10-21
6348498,17,3000,2016-5-18,2016-10-26
6348498,18,5000,2016-5-18,2016-11-13
6348498,19,10000,2016-5-18,2016-12-27
6348498,20,15000,2016-5-18,2017-2-9
6348498,21,20000,2016-5-18,2017-3-25
6361531,1,1,2016-5-20,2016-5-21
6361531,2,5,2016-5-20,2016-5-25
6361531,3,10,2016-5-20,2016-5-30
6361531,4,15,2016-5-20,2016-6-4
6361531,5,20,2016-5-20,2016-6-9
6361531,6,50,2016-5-20,2016-6-11
6361531,7,75,2016-5-20,2016-6-13
6361531,8,100,2016-5-20,2016-6-15
6361531,9,125,2016-5-20,2016-6-17
6361531,10,200,2016-5-20,2016-6-22
6361531,11,250,2016-5-20,2016-6-25
6361531,12,500,2016-5-20,2016-7-9
6361531,13,1000,2016-5-20,2016-8-6
6361531,14,1500,2016-5-20,2016-9-3
6361531,15,2000,2016-5-20,2016-10-1
6361531,16,2500,2016-5-20,2016-10-29
6361531,17,3000,2016-5-20,2016-11-26
6361531,18,5000,2016-5-20,2017-3-15
6361531,19,10000,2016-5-20,2017-5-26
6361531,20,15000,2016-5-20,2017-8-5
6361531,21,20000,2016-5-20,2017-10-14
6371459,1,1,2016-5-23,2016-5-24
6371459,2,5,2016-5-23,2016-5-25
6371459,3,10,2016-5-23,2016-5-26
6371459,4,15,2016-5-23,2016-5-27
6371459,5,20,2016-5-23,2016-5-28
6371459,6,50,2016-5-23,2016-5-30
6371459,7,75,2016-5-23,2016-6-1
6371459,8,100,2016-5-23,2016-6-3
6371459,9,125,2016-5-23,2016-6-5
6371459,10,200,2016-5-23,2016-6-9
6371459,11,250,2016-5-23,2016-6-12
6371459,12,500,2016-5-23,2016-6-24
6371459,13,1000,2016-5-23,2016-7-18
6371459,14,1500,2016-5-23,2016-8-11
6371459,15,2000,2016-5-23,2016-9-4
6371459,16,2500,2016-5-23,2016-9-28
6371459,17,3000,2016-5-23,2016-10-21
6371459,18,5000,2016-5-23,2016-12-31
6371459,19,10000,2016-5-23,2017-7-10
6371459,20,15000,2016-5-23,2018-3-2
6371459,21,20000,2016-5-23,2019-1-24
6394138,1,1,2016-5-28,2016-5-29
6394138,2,5,2016-5-28,2016-5-30
6394138,3,10,2016-5-28,2016-5-31
6394138,4,15,2016-5-28,2016-6-1
6394138,5,20,2016-5-28,2016-6-2
6394138,6,50,2016-5-28,2016-6-3
6394138,7,75,2016-5-28,2016-6-4
6394138,8,100,2016-5-28,2016-6-5
6394138,9,125,2016-5-28,2016-6-6
6394138,10,200,2016-5-28,2016-6-8
6394138,11,250,2016-5-28,2016-6-9
6394138,12,500,2016-5-28,2016-6-14
6394138,13,1000,2016-5-28,2016-6-23
6394138,14,1500,2016-5-28,2016-7-2
6394138,15,2000,2016-5-28,2016-7-11
6394138,16,2500,2016-5-28,2016-7-20
6394138,17,3000,2016-5-28,2016-7-29
6394138,18,5000,2016-5-28,2016-8-30
6394138,19,10000,2016-5-28,2016-11-18
6394138,20,15000,2016-5-28,2017-7-7
6394138,21,20000,2016-5-28,2018-11-14
6400526,1,1,2016-5-30,2016-5-31
6400526,2,5,2016-5-30,2016-6-1
6400526,3,10,2016-5-30,2016-6-2
6400526,4,15,2016-5-30,2016-6-3
6400526,5,20,2016-5-30,2016-6-4
6400526,6,50,2016-5-30,2016-6-5
6400526,7,75,2016-5-30,2016-6-6
6400526,8,100,2016-5-30,2016-6-7
6400526,9,125,2016-5-30,2016-6-8
6400526,10,200,2016-5-30,2016-6-9
6400526,11,250,2016-5-30,2016-6-10
6400526,12,500,2016-5-30,2016-6-14
6400526,13,1000,2016-5-30,2016-6-21
6400526,14,1500,2016-5-30,2016-6-28
6400526,15,2000,2016-5-30,2016-7-4
6400526,16,2500,2016-5-30,2016-7-10
6400526,17,3000,2016-5-30,2016-7-16
6400526,18,5000,2016-5-30,2016-8-9
6400526,19,10000,2016-5-30,2016-10-8
6400526,20,15000,2016-5-30,2016-12-7
6400526,21,20000,2016-5-30,2017-7-9
6419007,1,1,2016-6-3,2016-6-4
6419007,2,5,2016-6-3,2016-6-5
6419007,3,10,2016-6-3,2016-6-6
6419007,4,15,2016-6-3,2016-6-7
6419007,5,20,2016-6-3,2016-6-8
6419007,6,50,2016-6-3,2016-6-10
6419007,7,75,2016-6-3,2016-6-11
6419007,8,100,2016-6-3,2016-6-12
6419007,9,125,2016-6-3,2016-6-13
6419007,10,200,2016-6-3,2016-6-16
6419007,11,250,2016-6-3,2016-6-18
6419007,12,500,2016-6-3,2016-6-28
6419007,13,1000,2016-6-3,2016-7-18
6419007,14,1500,2016-6-3,2016-8-7
6419007,15,2000,2016-6-3,2016-8-27
6419007,16,2500,2016-6-3,2016-9-16
6419007,17,3000,2016-6-3,2016-10-6
6419007,18,5000,2016-6-3,2016-10-28
6419007,19,10000,2016-6-3,2016-12-21
6419007,20,15000,2016-6-3,2017-2-13
6419007,21,20000,2016-6-3,2017-4-8
6428638,1,1,2016-6-6,2016-6-7
6428638,2,5,2016-6-6,2016-6-9
6428638,3,10,2016-6-6,2016-6-11
6428638,4,15,2016-6-6,2016-6-13
6428638,5,20,2016-6-6,2016-6-15
6428638,6,50,2016-6-6,2016-6-25
6428638,7,75,2016-6-6,2016-7-3
6428638,8,100,2016-6-6,2016-7-11
6428638,9,125,2016-6-6,2016-7-19
6428638,10,200,2016-6-6,2016-8-11
6428638,11,250,2016-6-6,2016-8-27
6428638,12,500,2016-6-6,2016-11-11
6428638,13,1000,2016-6-6,2016-11-26
6428638,14,1500,2016-6-6,2016-12-11
6428638,15,2000,2016-6-6,2016-12-26
6428638,16,2500,2016-6-6,2017-1-10
6428638,17,3000,2016-6-6,2017-1-25
6428638,18,5000,2016-6-6,2017-3-26
6428638,19,10000,2016-6-6,2017-10-30
6428638,20,15000,2016-6-6,2018-7-14
6428638,21,20000,2016-6-6,2019-4-10
6433023,1,1,2016-6-7,2016-6-8
6433023,2,5,2016-6-7,2016-6-9
6433023,3,10,2016-6-7,2016-6-10
6433023,4,15,2016-6-7,2016-6-11
6433023,5,20,2016-6-7,2016-6-12
6433023,6,50,2016-6-7,2016-6-13
6433023,7,75,2016-6-7,2016-6-14
6433023,8,100,2016-6-7,2016-6-15
6433023,9,125,2016-6-7,2016-6-16
6433023,10,200,2016-6-7,2016-6-17
6433023,11,250,2016-6-7,2016-6-18
6433023,12,500,2016-6-7,2016-6-21
6433023,13,1000,2016-6-7,2016-6-27
6433023,14,1500,2016-6-7,2016-7-3
6433023,15,2000,2016-6-7,2016-7-9
6433023,16,2500,2016-6-7,2016-7-15
6433023,17,3000,2016-6-7,2016-7-21
6433023,18,5000,2016-6-7,2016-8-11
6433023,19,10000,2016-6-7,2016-9-30
6433023,20,15000,2016-6-7,2016-11-19
6433023,21,20000,2016-6-7,2017-1-2
6451573,1,1,2016-6-10,2016-6-11
6451573,2,5,2016-6-10,2016-6-12
6451573,3,10,2016-6-10,2016-6-13
6451573,4,15,2016-6-10,2016-6-14
6451573,5,20,2016-6-10,2016-6-15
6451573,6,50,2016-6-10,2016-6-16
6451573,7,75,2016-6-10,2016-6-17
6451573,8,100,2016-6-10,2016-6-18
6451573,9,125,2016-6-10,2016-6-19
6451573,10,200,2016-6-10,2016-6-20
6451573,11,250,2016-6-10,2016-6-21
6451573,12,500,2016-6-10,2016-6-23
6451573,13,1000,2016-6-10,2016-6-27
6451573,14,1500,2016-6-10,2016-7-1
6451573,15,2000,2016-6-10,2016-7-5
6451573,16,2500,2016-6-10,2016-7-9
6451573,17,3000,2016-6-10,2016-7-13
6451573,18,5000,2016-6-10,2016-7-29
6451573,19,10000,2016-6-10,2016-9-6
6451573,20,15000,2016-6-10,2016-10-15
6451573,21,20000,2016-6-10,2016-11-23
6464308,1,1,2016-6-14,2016-6-15
6464308,2,5,2016-6-14,2016-6-16
6464308,3,10,2016-6-14,2016-6-17
6464308,4,15,2016-6-14,2016-6-18
6464308,5,20,2016-6-14,2016-6-19
6464308,6,50,2016-6-14,2016-6-20
6464308,7,75,2016-6-14,2016-6-21
6464308,8,100,2016-6-14,2016-6-22
6464308,9,125,2016-6-14,2016-6-23
6464308,10,200,2016-6-14,2016-6-25
6464308,11,250,2016-6-14,2016-6-27
6464308,12,500,2016-6-14,2016-7-4
6464308,13,1000,2016-6-14,2016-7-17
6464308,14,1500,2016-6-14,2016-7-30
6464308,15,2000,2016-6-14,2016-8-12
6464308,16,2500,2016-6-14,2016-8-25
6464308,17,3000,2016-6-14,2016-9-7
6464308,18,5000,2016-6-14,2016-10-25
6464308,19,10000,2016-6-14,2017-2-20
6464308,20,15000,2016-6-14,2017-6-22
6464308,21,20000,2016-6-14,2017-11-12
6530970,1,1,2016-6-30,2016-7-1
6530970,2,5,2016-6-30,2016-7-3
6530970,3,10,2016-6-30,2016-7-5
6530970,4,15,2016-6-30,2016-7-7
6530970,5,20,2016-6-30,2016-7-9
6530970,6,50,2016-6-30,2016-7-20
6530970,7,75,2016-6-30,2016-7-29
6530970,8,100,2016-6-30,2016-8-7
6530970,9,125,2016-6-30,2016-8-16
6530970,10,200,2016-6-30,2016-9-11
6530970,11,250,2016-6-30,2016-9-29
6530970,12,500,2016-6-30,2017-8-20
6530970,13,1000,2016-6-30,2017-9-22
6530970,14,1500,2016-6-30,2017-10-24
6530970,15,2000,2016-6-30,2017-11-25
6530970,16,2500,2016-6-30,2017-12-4
6530970,17,3000,2016-6-30,2017-12-13
6530970,18,5000,2016-6-30,2018-1-17
6530970,19,10000,2016-6-30,2018-4-13
6530970,20,15000,2016-6-30,2018-6-16
6530970,21,20000,2016-6-30,2018-8-18
6535336,1,1,2016-6-30,2016-7-1
6535336,2,5,2016-6-30,2016-7-2
6535336,3,10,2016-6-30,2016-7-3
6535336,4,15,2016-6-30,2016-7-4
6535336,5,20,2016-6-30,2016-7-5
6535336,6,50,2016-6-30,2016-7-7
6535336,7,75,2016-6-30,2016-7-8
6535336,8,100,2016-6-30,2016-7-9
6535336,9,125,2016-6-30,2016-7-10
6535336,10,200,2016-6-30,2016-7-13
6535336,11,250,2016-6-30,2016-7-15
6535336,12,500,2016-6-30,2016-7-25
6535336,13,1000,2016-6-30,2016-8-13
6535336,14,1500,2016-6-30,2016-8-31
6535336,15,2000,2016-6-30,2016-9-18
6535336,16,2500,2016-6-30,2016-10-6
6535336,17,3000,2016-6-30,2016-10-24
6535336,18,5000,2016-6-30,2016-12-8
6535336,19,10000,2016-6-30,2017-3-30
6535336,20,15000,2016-6-30,2017-7-31
6535336,21,20000,2016-6-30,2017-12-5
6541007,1,1,2016-7-2,2016-7-3
6541007,2,5,2016-7-2,2016-7-4
6541007,3,10,2016-7-2,2016-7-5
6541007,4,15,2016-7-2,2016-7-6
6541007,5,20,2016-7-2,2016-7-7
6541007,6,50,2016-7-2,2016-7-8
6541007,7,75,2016-7-2,2016-7-9
6541007,8,100,2016-7-2,2016-7-10
6541007,9,125,2016-7-2,2016-7-11
6541007,10,200,2016-7-2,2016-7-12
6541007,11,250,2016-7-2,2016-7-13
6541007,12,500,2016-7-2,2016-7-17
6541007,13,1000,2016-7-2,2016-7-24
6541007,14,1500,2016-7-2,2016-7-31
6541007,15,2000,2016-7-2,2016-8-7
6541007,16,2500,2016-7-2,2016-8-14
6541007,17,3000,2016-7-2,2016-8-21
6541007,18,5000,2016-7-2,2016-9-15
6541007,19,10000,2016-7-2,2016-11-15
6541007,20,15000,2016-7-2,2017-2-25
6541007,21,20000,2016-7-2,2017-6-29
6583140,1,1,2016-7-13,2016-7-14
6583140,2,5,2016-7-13,2016-7-15
6583140,3,10,2016-7-13,2016-7-16
6583140,4,15,2016-7-13,2016-7-17
6583140,5,20,2016-7-13,2016-7-18
6583140,6,50,2016-7-13,2016-7-20
6583140,7,75,2016-7-13,2016-7-22
6583140,8,100,2016-7-13,2016-7-24
6583140,9,125,2016-7-13,2016-7-26
6583140,10,200,2016-7-13,2016-7-31
6583140,11,250,2016-7-13,2016-8-4
6583140,12,500,2016-7-13,2016-8-20
6583140,13,1000,2016-7-13,2016-9-20
6583140,14,1500,2016-7-13,2016-10-20
6583140,15,2000,2016-7-13,2016-11-19
6583140,16,2500,2016-7-13,2016-11-30
6583140,17,3000,2016-7-13,2016-12-11
6583140,18,5000,2016-7-13,2017-1-23
6583140,19,10000,2016-7-13,2017-5-11
6583140,20,15000,2016-7-13,2017-9-12
6583140,21,20000,2016-7-13,2018-1-17
6587650,1,1,2016-7-14,2016-7-15
6587650,2,5,2016-7-14,2016-7-16
6587650,3,10,2016-7-14,2016-7-17
6587650,4,15,2016-7-14,2016-7-18
6587650,5,20,2016-7-14,2016-7-19
6587650,6,50,2016-7-14,2016-7-22
6587650,7,75,2016-7-14,2016-7-24
6587650,8,100,2016-7-14,2016-7-26
6587650,9,125,2016-7-14,2016-7-28
6587650,10,200,2016-7-14,2016-8-2
6587650,11,250,2016-7-14,2016-8-6
6587650,12,500,2016-7-14,2016-8-23
6587650,13,1000,2016-7-14,2016-9-25
6587650,14,1500,2016-7-14,2016-10-28
6587650,15,2000,2016-7-14,2016-11-30
6587650,16,2500,2016-7-14,2016-12-18
6587650,17,3000,2016-7-14,2017-1-4
6587650,18,5000,2016-7-14,2017-3-13
6587650,19,10000,2016-7-14,2017-8-19
6587650,20,15000,2016-7-14,2017-12-26
6587650,21,20000,2016-7-14,2018-5-3
6622587,1,1,2016-7-21,2016-7-22
6622587,2,5,2016-7-21,2016-7-23
6622587,3,10,2016-7-21,2016-7-24
6622587,4,15,2016-7-21,2016-7-25
6622587,5,20,2016-7-21,2016-7-26
6622587,6,50,2016-7-21,2016-7-31
6622587,7,75,2016-7-21,2016-8-4
6622587,8,100,2016-7-21,2016-8-8
6622587,9,125,2016-7-21,2016-8-12
6622587,10,200,2016-7-21,2016-8-23
6622587,11,250,2016-7-21,2016-8-31
6622587,12,500,2016-7-21,2016-10-5
6622587,13,1000,2016-7-21,2016-10-18
6622587,14,1500,2016-7-21,2016-10-31
6622587,15,2000,2016-7-21,2016-11-13
6622587,16,2500,2016-7-21,2016-11-26
6622587,17,3000,2016-7-21,2016-12-9
6622587,18,5000,2016-7-21,2017-1-27
6622587,19,10000,2016-7-21,2017-5-28
6622587,20,15000,2016-7-21,2017-8-15
6622587,21,20000,2016-7-21,2017-10-20
6671176,1,1,2016-8-3,2016-8-13
6671176,2,5,2016-8-3,2016-9-19
6671176,3,10,2016-8-3,2016-11-4
6671176,4,15,2016-8-3,2016-12-3
6671176,5,20,2016-8-3,2017-1-1
6671176,6,50,2016-8-3,2017-1-3
6671176,7,75,2016-8-3,2017-1-5
6671176,8,100,2016-8-3,2017-1-7
6671176,9,125,2016-8-3,2017-1-9
6671176,10,200,2016-8-3,2017-1-14
6671176,11,250,2016-8-3,2017-1-18
6671176,12,500,2016-8-3,2017-2-3
6671176,13,1000,2016-8-3,2017-3-7
6671176,14,1500,2016-8-3,2017-4-8
6671176,15,2000,2016-8-3,2017-5-10
6671176,16,2500,2016-8-3,2017-6-11
6671176,17,3000,2016-8-3,2017-7-13
6671176,18,5000,2016-8-3,2017-11-17
6671176,19,10000,2016-8-3,2018-3-19
6671176,20,15000,2016-8-3,2018-7-19
6671176,21,20000,2016-8-3,2018-9-10
6677986,1,1,2016-8-4,2016-8-5
6677986,2,5,2016-8-4,2016-8-6
6677986,3,10,2016-8-4,2016-8-7
6677986,4,15,2016-8-4,2016-8-8
6677986,5,20,2016-8-4,2016-8-9
6677986,6,50,2016-8-4,2016-8-10
6677986,7,75,2016-8-4,2016-8-11
6677986,8,100,2016-8-4,2016-8-12
6677986,9,125,2016-8-4,2016-8-13
6677986,10,200,2016-8-4,2016-8-15
6677986,11,250,2016-8-4,2016-8-17
6677986,12,500,2016-8-4,2016-8-24
6677986,13,1000,2016-8-4,2016-9-6
6677986,14,1500,2016-8-4,2016-9-19
6677986,15,2000,2016-8-4,2016-10-2
6677986,16,2500,2016-8-4,2016-10-14
6677986,17,3000,2016-8-4,2016-10-26
6677986,18,5000,2016-8-4,2016-12-22
6677986,19,10000,2016-8-4,2017-5-13
6677986,20,15000,2016-8-4,2017-11-4
6677986,21,20000,2016-8-4,2018-6-23
6680611,1,1,2016-8-5,2016-8-6
6680611,2,5,2016-8-5,2016-8-7
6680611,3,10,2016-8-5,2016-8-8
6680611,4,15,2016-8-5,2016-8-9
6680611,5,20,2016-8-5,2016-8-10
6680611,6,50,2016-8-5,2016-8-11
6680611,7,75,2016-8-5,2016-8-12
6680611,8,100,2016-8-5,2016-8-13
6680611,9,125,2016-8-5,2016-8-14
6680611,10,200,2016-8-5,2016-8-16
6680611,11,250,2016-8-5,2016-8-17
6680611,12,500,2016-8-5,2016-8-22
6680611,13,1000,2016-8-5,2016-9-1
6680611,14,1500,2016-8-5,2016-9-11
6680611,15,2000,2016-8-5,2016-9-21
6680611,16,2500,2016-8-5,2016-10-1
6680611,17,3000,2016-8-5,2016-10-11
6680611,18,5000,2016-8-5,2016-11-19
6680611,19,10000,2016-8-5,2017-2-12
6680611,20,15000,2016-8-5,2017-5-8
6680611,21,20000,2016-8-5,2017-8-13
6695924,1,1,2016-8-9,2016-8-10
6695924,2,5,2016-8-9,2016-8-11
6695924,3,10,2016-8-9,2016-8-13
6695924,4,15,2016-8-9,2016-8-15
6695924,5,20,2016-8-9,2016-8-17
6695924,6,50,2016-8-9,2016-8-24
6695924,7,75,2016-8-9,2016-8-29
6695924,8,100,2016-8-9,2016-9-3
6695924,9,125,2016-8-9,2016-9-8
6695924,10,200,2016-8-9,2016-9-23
6695924,11,250,2016-8-9,2016-10-3
6695924,12,500,2016-8-9,2016-11-22
6695924,13,1000,2016-8-9,2016-11-30
6695924,14,1500,2016-8-9,2016-12-8
6695924,15,2000,2016-8-9,2016-12-16
6695924,16,2500,2016-8-9,2016-12-24
6695924,17,3000,2016-8-9,2017-1-1
6695924,18,5000,2016-8-9,2017-2-2
6695924,19,10000,2016-8-9,2017-4-21
6695924,20,15000,2016-8-9,2017-8-7
6695924,21,20000,2016-8-9,2019-2-14
6779307,1,1,2016-8-31,2016-9-1
6779307,2,5,2016-8-31,2016-9-2
6779307,3,10,2016-8-31,2016-9-3
6779307,4,15,2016-8-31,2016-9-4
6779307,5,20,2016-8-31,2016-9-5
6779307,6,50,2016-8-31,2016-9-6
6779307,7,75,2016-8-31,2016-9-7
6779307,8,100,2016-8-31,2016-9-8
6779307,9,125,2016-8-31,2016-9-9
6779307,10,200,2016-8-31,2016-9-11
6779307,11,250,2016-8-31,2016-9-12
6779307,12,500,2016-8-31,2016-9-17
6779307,13,1000,2016-8-31,2016-9-26
6779307,14,1500,2016-8-31,2016-10-5
6779307,15,2000,2016-8-31,2016-10-14
6779307,16,2500,2016-8-31,2016-10-23
6779307,17,3000,2016-8-31,2016-11-1
6779307,18,5000,2016-8-31,2016-12-5
6779307,19,10000,2016-8-31,2017-11-17
6779307,20,15000,2016-8-31,2018-5-16
6779307,21,20000,2016-8-31,2018-8-6
6808583,1,1,2016-9-8,2016-9-9
6808583,2,5,2016-9-8,2016-9-11
6808583,3,10,2016-9-8,2016-9-14
6808583,4,15,2016-9-8,2016-9-17
6808583,5,20,2016-9-8,2016-9-20
6808583,6,50,2016-9-8,2016-10-3
6808583,7,75,2016-9-8,2016-10-14
6808583,8,100,2016-9-8,2016-10-25
6808583,9,125,2016-9-8,2016-11-5
6808583,10,200,2016-9-8,2016-12-5
6808583,11,250,2016-9-8,2016-12-31
6808583,12,500,2016-9-8,2017-5-5
6808583,13,1000,2016-9-8,2017-7-5
6808583,14,1500,2016-9-8,2017-9-4
6808583,15,2000,2016-9-8,2017-11-4
6808583,16,2500,2016-9-8,2018-1-4
6808583,17,3000,2016-9-8,2018-3-6
6808583,18,5000,2016-9-8,2018-5-15
6808583,19,10000,2016-9-8,2018-11-5
6808583,20,15000,2016-9-8,2019-2-11
6808583,21,20000,2016-9-8,2019-5-19
6811411,1,1,2016-9-8,2016-9-9
6811411,2,5,2016-9-8,2016-9-10
6811411,3,10,2016-9-8,2016-9-11
6811411,4,15,2016-9-8,2016-9-12
6811411,5,20,2016-9-8,2016-9-13
6811411,6,50,2016-9-8,2016-9-16
6811411,7,75,2016-9-8,2016-9-19
6811411,8,100,2016-9-8,2016-9-22
6811411,9,125,2016-9-8,2016-9-25
6811411,10,200,2016-9-8,2016-10-3
6811411,11,250,2016-9-8,2016-10-8
6811411,12,500,2016-9-8,2016-10-31
6811411,13,1000,2016-9-8,2016-11-27
6811411,14,1500,2016-9-8,2016-12-24
6811411,15,2000,2016-9-8,2017-1-20
6811411,16,2500,2016-9-8,2017-2-16
6811411,17,3000,2016-9-8,2017-3-15
6811411,18,5000,2016-9-8,2017-5-26
6811411,19,10000,2016-9-8,2018-5-10
6811411,20,15000,2016-9-8,2018-10-24
6811411,21,20000,2016-9-8,2019-3-29
6862601,1,1,2016-9-22,2016-9-23
6862601,2,5,2016-9-22,2016-9-27
6862601,3,10,2016-9-22,2016-10-2
6862601,4,15,2016-9-22,2016-10-6
6862601,5,20,2016-9-22,2016-10-10
6862601,6,50,2016-9-22,2016-11-3
6862601,7,75,2016-9-22,2016-11-23
6862601,8,100,2016-9-22,2016-11-24
6862601,9,125,2016-9-22,2016-11-25
6862601,10,200,2016-9-22,2016-11-27
6862601,11,250,2016-9-22,2016-11-29
6862601,12,500,2016-9-22,2016-12-6
6862601,13,1000,2016-9-22,2016-12-19
6862601,14,1500,2016-9-22,2017-1-1
6862601,15,2000,2016-9-22,2017-1-14
6862601,16,2500,2016-9-22,2017-1-27
6862601,17,3000,2016-9-22,2017-2-9
6862601,18,5000,2016-9-22,2017-3-29
6862601,19,10000,2016-9-22,2017-11-15
6862601,20,15000,2016-9-22,2018-8-1
6862601,21,20000,2016-9-22,2019-8-4
6890912,1,1,2016-9-28,2016-9-29
6890912,2,5,2016-9-28,2016-10-1
6890912,3,10,2016-9-28,2016-10-4
6890912,4,15,2016-9-28,2016-10-6
6890912,5,20,2016-9-28,2016-10-8
6890912,6,50,2016-9-28,2016-10-20
6890912,7,75,2016-9-28,2016-10-22
6890912,8,100,2016-9-28,2016-10-24
6890912,9,125,2016-9-28,2016-10-26
6890912,10,200,2016-9-28,2016-10-31
6890912,11,250,2016-9-28,2016-11-3
6890912,12,500,2016-9-28,2016-11-17
6890912,13,1000,2016-9-28,2016-12-15
6890912,14,1500,2016-9-28,2017-1-12
6890912,15,2000,2016-9-28,2017-2-9
6890912,16,2500,2016-9-28,2017-3-9
6890912,17,3000,2016-9-28,2017-4-6
6890912,18,5000,2016-9-28,2017-7-27
6890912,19,10000,2016-9-28,2018-5-2
6890912,20,15000,2016-9-28,2018-7-3
6890912,21,20000,2016-9-28,2018-9-3
6891563,1,1,2016-9-28,2016-11-13
6891563,2,5,2016-9-28,2016-12-11
6891563,3,10,2016-9-28,2017-1-15
6891563,4,15,2016-9-28,2017-2-19
6891563,5,20,2016-9-28,2017-3-26
6891563,6,50,2016-9-28,2017-4-1
6891563,7,75,2016-9-28,2017-4-6
6891563,8,100,2016-9-28,2017-4-11
6891563,9,125,2016-9-28,2017-4-16
6891563,10,200,2016-9-28,2017-4-29
6891563,11,250,2016-9-28,2017-5-8
6891563,12,500,2016-9-28,2017-6-19
6891563,13,1000,2016-9-28,2017-9-10
6891563,14,1500,2016-9-28,2017-12-2
6891563,15,2000,2016-9-28,2018-2-23
6891563,16,2500,2016-9-28,2018-5-17
6891563,17,3000,2016-9-28,2018-6-2
6891563,18,5000,2016-9-28,2018-8-2
6891563,19,10000,2016-9-28,2018-11-20
6891563,20,15000,2016-9-28,2019-3-9
6891563,21,20000,2016-9-28,2019-6-23
6910411,1,1,2016-10-2,2016-10-3
6910411,2,5,2016-10-2,2016-10-4
6910411,3,10,2016-10-2,2016-10-5
6910411,4,15,2016-10-2,2016-10-6
6910411,5,20,2016-10-2,2016-10-7
6910411,6,50,2016-10-2,2016-10-8
6910411,7,75,2016-10-2,2016-10-9
6910411,8,100,2016-10-2,2016-10-10
6910411,9,125,2016-10-2,2016-10-11
6910411,10,200,2016-10-2,2016-10-13
6910411,11,250,2016-10-2,2016-10-14
6910411,12,500,2016-10-2,2016-10-18
6910411,13,1000,2016-10-2,2016-10-26
6910411,14,1500,2016-10-2,2016-11-2
6910411,15,2000,2016-10-2,2016-11-9
6910411,16,2500,2016-10-2,2016-11-16
6910411,17,3000,2016-10-2,2016-11-23
6910411,18,5000,2016-10-2,2016-12-27
6910411,19,10000,2016-10-2,2017-3-22
6910411,20,15000,2016-10-2,2017-7-21
6910411,21,20000,2016-10-2,2017-11-21
6914864,1,1,2016-10-3,2016-10-4
6914864,2,5,2016-10-3,2016-10-7
6914864,3,10,2016-10-3,2016-10-11
6914864,4,15,2016-10-3,2016-10-15
6914864,5,20,2016-10-3,2016-10-19
6914864,6,50,2016-10-3,2016-11-7
6914864,7,75,2016-10-3,2016-11-22
6914864,8,100,2016-10-3,2016-12-8
6914864,9,125,2016-10-3,2016-12-24
6914864,10,200,2016-10-3,2017-2-8
6914864,11,250,2016-10-3,2017-3-11
6914864,12,500,2016-10-3,2017-6-19
6914864,13,1000,2016-10-3,2018-1-3
6914864,14,1500,2016-10-3,2018-7-20
6914864,15,2000,2016-10-3,2018-7-29
6914864,16,2500,2016-10-3,2018-8-7
6914864,17,3000,2016-10-3,2018-8-16
6914864,18,5000,2016-10-3,2018-9-19
6914864,19,10000,2016-10-3,2018-12-4
6914864,20,15000,2016-10-3,2019-2-18
6914864,21,20000,2016-10-3,2019-5-5
6936103,1,1,2016-10-7,2016-10-8
6936103,2,5,2016-10-7,2016-10-9
6936103,3,10,2016-10-7,2016-10-10
6936103,4,15,2016-10-7,2016-10-11
6936103,5,20,2016-10-7,2016-10-12
6936103,6,50,2016-10-7,2016-10-16
6936103,7,75,2016-10-7,2016-10-20
6936103,8,100,2016-10-7,2016-10-24
6936103,9,125,2016-10-7,2016-10-28
6936103,10,200,2016-10-7,2016-11-7
6936103,11,250,2016-10-7,2016-11-14
6936103,12,500,2016-10-7,2016-11-26
6936103,13,1000,2016-10-7,2016-12-20
6936103,14,1500,2016-10-7,2017-1-13
6936103,15,2000,2016-10-7,2017-2-5
6936103,16,2500,2016-10-7,2017-2-28
6936103,17,3000,2016-10-7,2017-3-23
6936103,18,5000,2016-10-7,2017-6-4
6936103,19,10000,2016-10-7,2017-11-18
6936103,20,15000,2016-10-7,2018-4-8
6936103,21,20000,2016-10-7,2018-8-16
7015400,1,1,2016-10-13,2016-12-8
7015400,2,5,2016-10-13,2016-12-31
7015400,3,10,2016-10-13,2017-1-29
7015400,4,15,2016-10-13,2017-2-27
7015400,5,20,2016-10-13,2017-3-1
7015400,6,50,2016-10-13,2017-3-8
7015400,7,75,2016-10-13,2017-3-14
7015400,8,100,2016-10-13,2017-3-20
7015400,9,125,2016-10-13,2017-3-26
7015400,10,200,2016-10-13,2017-4-12
7015400,11,250,2016-10-13,2017-4-23
7015400,12,500,2016-10-13,2017-6-16
7015400,13,1000,2016-10-13,2017-7-30
7015400,14,1500,2016-10-13,2017-9-12
7015400,15,2000,2016-10-13,2017-10-25
7015400,16,2500,2016-10-13,2017-11-4
7015400,17,3000,2016-10-13,2017-11-14
7015400,18,5000,2016-10-13,2017-12-20
7015400,19,10000,2016-10-13,2018-3-20
7015400,20,15000,2016-10-13,2018-7-5
7015400,21,20000,2016-10-13,2018-12-25
7031230,1,1,2016-10-17,2016-10-18
7031230,2,5,2016-10-17,2016-10-19
7031230,3,10,2016-10-17,2016-10-20
7031230,4,15,2016-10-17,2016-10-21
7031230,5,20,2016-10-17,2016-10-22
7031230,6,50,2016-10-17,2016-10-23
7031230,7,75,2016-10-17,2016-10-24
7031230,8,100,2016-10-17,2016-10-25
7031230,9,125,2016-10-17,2016-10-26
7031230,10,200,2016-10-17,2016-10-28
7031230,11,250,2016-10-17,2016-10-30
7031230,12,500,2016-10-17,2016-11-5
7031230,13,1000,2016-10-17,2016-11-15
7031230,14,1500,2016-10-17,2016-11-25
7031230,15,2000,2016-10-17,2016-12-5
7031230,16,2500,2016-10-17,2016-12-23
7031230,17,3000,2016-10-17,2017-1-10
7031230,18,5000,2016-10-17,2017-3-20
7031230,19,10000,2016-10-17,2017-10-28
7031230,20,15000,2016-10-17,2018-7-29
7031230,21,20000,2016-10-17,2018-12-12
7050130,1,1,2016-10-20,2016-10-21
7050130,2,5,2016-10-20,2016-10-22
7050130,3,10,2016-10-20,2016-10-23
7050130,4,15,2016-10-20,2016-10-24
7050130,5,20,2016-10-20,2016-10-25
7050130,6,50,2016-10-20,2016-10-27
7050130,7,75,2016-10-20,2016-10-29
7050130,8,100,2016-10-20,2016-10-31
7050130,9,125,2016-10-20,2016-11-2
7050130,10,200,2016-10-20,2016-11-6
7050130,11,250,2016-10-20,2016-11-9
7050130,12,500,2016-10-20,2016-11-22
7050130,13,1000,2016-10-20,2016-12-13
7050130,14,1500,2016-10-20,2017-1-3
7050130,15,2000,2016-10-20,2017-1-24
7050130,16,2500,2016-10-20,2017-2-13
7050130,17,3000,2016-10-20,2017-3-5
7050130,18,5000,2016-10-20,2017-5-24
7050130,19,10000,2016-10-20,2017-11-26
7050130,20,15000,2016-10-20,2018-5-30
7050130,21,20000,2016-10-20,2019-1-28
7053190,1,1,2016-10-21,2016-10-23
7053190,2,5,2016-10-21,2016-10-28
7053190,3,10,2016-10-21,2016-11-4
7053190,4,15,2016-10-21,2016-11-11
7053190,5,20,2016-10-21,2016-11-17
7053190,6,50,2016-10-21,2016-12-9
7053190,7,75,2016-10-21,2016-12-27
7053190,8,100,2016-10-21,2017-1-14
7053190,9,125,2016-10-21,2017-2-1
7053190,10,200,2016-10-21,2017-3-26
7053190,11,250,2016-10-21,2017-4-30
7053190,12,500,2016-10-21,2017-5-15
7053190,13,1000,2016-10-21,2017-6-14
7053190,14,1500,2016-10-21,2017-7-14
7053190,15,2000,2016-10-21,2017-8-13
7053190,16,2500,2016-10-21,2017-9-7
7053190,17,3000,2016-10-21,2017-10-2
7053190,18,5000,2016-10-21,2017-11-22
7053190,19,10000,2016-10-21,2018-3-28
7053190,20,15000,2016-10-21,2018-6-17
7053190,21,20000,2016-10-21,2018-9-27
7106086,1,1,2016-11-2,2016-11-3
7106086,2,5,2016-11-2,2016-11-4
7106086,3,10,2016-11-2,2016-11-6
7106086,4,15,2016-11-2,2016-11-7
7106086,5,20,2016-11-2,2016-11-8
7106086,6,50,2016-11-2,2016-11-14
7106086,7,75,2016-11-2,2016-11-19
7106086,8,100,2016-11-2,2016-11-24
7106086,9,125,2016-11-2,2016-11-29
7106086,10,200,2016-11-2,2016-12-3
7106086,11,250,2016-11-2,2016-12-6
7106086,12,500,2016-11-2,2016-12-20
7106086,13,1000,2016-11-2,2017-1-16
7106086,14,1500,2016-11-2,2017-2-12
7106086,15,2000,2016-11-2,2017-3-11
7106086,16,2500,2016-11-2,2017-4-6
7106086,17,3000,2016-11-2,2017-5-2
7106086,18,5000,2016-11-2,2017-8-4
7106086,19,10000,2016-11-2,2018-1-26
7106086,20,15000,2016-11-2,2018-7-26
7106086,21,20000,2016-11-2,2019-5-28
7108653,1,1,2016-11-3,2016-11-4
7108653,2,5,2016-11-3,2016-11-6
7108653,3,10,2016-11-3,2016-11-8
7108653,4,15,2016-11-3,2016-11-10
7108653,5,20,2016-11-3,2016-11-12
7108653,6,50,2016-11-3,2016-11-19
7108653,7,75,2016-11-3,2016-11-25
7108653,8,100,2016-11-3,2016-12-1
7108653,9,125,2016-11-3,2016-12-7
7108653,10,200,2016-11-3,2016-12-16
7108653,11,250,2016-11-3,2016-12-22
7108653,12,500,2016-11-3,2017-1-21
7108653,13,1000,2016-11-3,2017-3-21
7108653,14,1500,2016-11-3,2017-5-19
7108653,15,2000,2016-11-3,2017-6-28
7108653,16,2500,2016-11-3,2017-8-7
7108653,17,3000,2016-11-3,2017-8-25
7108653,18,5000,2016-11-3,2017-11-3
7108653,19,10000,2016-11-3,2018-3-23
7108653,20,15000,2016-11-3,2018-8-11
7108653,21,20000,2016-11-3,2018-12-7
7128934,1,1,2016-11-7,2016-11-23
7128934,2,5,2016-11-7,2016-11-24
7128934,3,10,2016-11-7,2016-11-25
7128934,4,15,2016-11-7,2016-11-26
7128934,5,20,2016-11-7,2016-11-27
7128934,6,50,2016-11-7,2016-11-28
7128934,7,75,2016-11-7,2016-11-29
7128934,8,100,2016-11-7,2016-11-30
7128934,9,125,2016-11-7,2016-12-1
7128934,10,200,2016-11-7,2016-12-4
7128934,11,250,2016-11-7,2016-12-6
7128934,12,500,2016-11-7,2016-12-13
7128934,13,1000,2016-11-7,2016-12-27
7128934,14,1500,2016-11-7,2017-1-10
7128934,15,2000,2016-11-7,2017-1-24
7128934,16,2500,2016-11-7,2017-2-7
7128934,17,3000,2016-11-7,2017-2-20
7128934,18,5000,2016-11-7,2017-4-13
7128934,19,10000,2016-11-7,2017-8-1
7128934,20,15000,2016-11-7,2017-11-23
7128934,21,20000,2016-11-7,2019-3-24
7132550,1,1,2016-11-8,2016-11-14
7132550,2,5,2016-11-8,2016-12-4
7132550,3,10,2016-11-8,2016-12-11
7132550,4,15,2016-11-8,2016-12-18
7132550,5,20,2016-11-8,2016-12-25
7132550,6,50,2016-11-8,2017-2-4
7132550,7,75,2016-11-8,2017-3-10
7132550,8,100,2016-11-8,2017-4-12
7132550,9,125,2016-11-8,2017-5-15
7132550,10,200,2016-11-8,2017-5-25
7132550,11,250,2016-11-8,2017-6-1
7132550,12,500,2016-11-8,2017-7-3
7132550,13,1000,2016-11-8,2017-8-17
7132550,14,1500,2016-11-8,2017-10-1
7132550,15,2000,2016-11-8,2017-11-15
7132550,16,2500,2016-11-8,2017-12-8
7132550,17,3000,2016-11-8,2017-12-31
7132550,18,5000,2016-11-8,2018-4-2
7132550,19,10000,2016-11-8,2018-8-24
7132550,20,15000,2016-11-8,2019-2-20
7132550,21,20000,2016-11-8,2019-8-26
7207392,1,1,2016-11-24,2016-11-26
7207392,2,5,2016-11-24,2016-11-27
7207392,3,10,2016-11-24,2016-11-28
7207392,4,15,2016-11-24,2016-11-29
7207392,5,20,2016-11-24,2016-11-30
7207392,6,50,2016-11-24,2016-12-1
7207392,7,75,2016-11-24,2016-12-2
7207392,8,100,2016-11-24,2016-12-3
7207392,9,125,2016-11-24,2016-12-4
7207392,10,200,2016-11-24,2016-12-6
7207392,11,250,2016-11-24,2016-12-8
7207392,12,500,2016-11-24,2016-12-14
7207392,13,1000,2016-11-24,2016-12-25
7207392,14,1500,2016-11-24,2017-1-5
7207392,15,2000,2016-11-24,2017-1-16
7207392,16,2500,2016-11-24,2017-1-27
7207392,17,3000,2016-11-24,2017-2-6
7207392,18,5000,2016-11-24,2017-3-18
7207392,19,10000,2016-11-24,2017-11-29
7207392,20,15000,2016-11-24,2018-2-8
7207392,21,20000,2016-11-24,2018-4-20
7252182,1,1,2016-12-5,2016-12-6
7252182,2,5,2016-12-5,2016-12-7
7252182,3,10,2016-12-5,2016-12-8
7252182,4,15,2016-12-5,2016-12-9
7252182,5,20,2016-12-5,2016-12-10
7252182,6,50,2016-12-5,2016-12-11
7252182,7,75,2016-12-5,2016-12-12
7252182,8,100,2016-12-5,2016-12-13
7252182,9,125,2016-12-5,2016-12-14
7252182,10,200,2016-12-5,2016-12-15
7252182,11,250,2016-12-5,2016-12-16
7252182,12,500,2016-12-5,2016-12-17
7252182,13,1000,2016-12-5,2016-12-21
7252182,14,1500,2016-12-5,2016-12-25
7252182,15,2000,2016-12-5,2016-12-29
7252182,16,2500,2016-12-5,2017-1-2
7252182,17,3000,2016-12-5,2017-1-5
7252182,18,5000,2016-12-5,2017-1-17
7252182,19,10000,2016-12-5,2017-2-16
7252182,20,15000,2016-12-5,2017-3-18
7252182,21,20000,2016-12-5,2017-4-17
7294900,1,1,2016-12-14,2016-12-15
7294900,2,5,2016-12-14,2016-12-18
7294900,3,10,2016-12-14,2016-12-21
7294900,4,15,2016-12-14,2016-12-24
7294900,5,20,2016-12-14,2016-12-27
7294900,6,50,2016-12-14,2017-1-12
7294900,7,75,2016-12-14,2017-1-26
7294900,8,100,2016-12-14,2017-2-9
7294900,9,125,2016-12-14,2017-2-22
7294900,10,200,2016-12-14,2017-4-2
7294900,11,250,2016-12-14,2017-4-28
7294900,12,500,2016-12-14,2017-5-9
7294900,13,1000,2016-12-14,2017-5-31
7294900,14,1500,2016-12-14,2017-6-21
7294900,15,2000,2016-12-14,2017-7-12
7294900,16,2500,2016-12-14,2017-8-2
7294900,17,3000,2016-12-14,2017-8-23
7294900,18,5000,2016-12-14,2017-10-30
7294900,19,10000,2016-12-14,2018-4-7
7294900,20,15000,2016-12-14,2018-8-21
7294900,21,20000,2016-12-14,2018-12-28
7296893,1,1,2016-12-14,2016-12-15
7296893,2,5,2016-12-14,2016-12-17
7296893,3,10,2016-12-14,2016-12-19
7296893,4,15,2016-12-14,2016-12-21
7296893,5,20,2016-12-14,2016-12-23
7296893,6,50,2016-12-14,2017-1-3
7296893,7,75,2016-12-14,2017-1-12
7296893,8,100,2016-12-14,2017-1-21
7296893,9,125,2016-12-14,2017-1-30
7296893,10,200,2016-12-14,2017-2-25
7296893,11,250,2016-12-14,2017-3-14
7296893,12,500,2016-12-14,2017-6-7
7296893,13,1000,2016-12-14,2017-6-29
7296893,14,1500,2016-12-14,2017-7-21
7296893,15,2000,2016-12-14,2017-8-12
7296893,16,2500,2016-12-14,2017-8-27
7296893,17,3000,2016-12-14,2017-9-10
7296893,18,5000,2016-12-14,2017-11-5
7296893,19,10000,2016-12-14,2018-3-26
7296893,20,15000,2016-12-14,2018-8-28
7296893,21,20000,2016-12-14,2019-5-4
7297700,1,1,2016-12-14,2016-12-15
7297700,2,5,2016-12-14,2016-12-16
7297700,3,10,2016-12-14,2016-12-17
7297700,4,15,2016-12-14,2016-12-18
7297700,5,20,2016-12-14,2016-12-19
7297700,6,50,2016-12-14,2016-12-25
7297700,7,75,2016-12-14,2016-12-30
7297700,8,100,2016-12-14,2017-1-4
7297700,9,125,2016-12-14,2017-1-9
7297700,10,200,2016-12-14,2017-1-23
7297700,11,250,2016-12-14,2017-2-1
7297700,12,500,2016-12-14,2017-3-18
7297700,13,1000,2016-12-14,2017-4-14
7297700,14,1500,2016-12-14,2017-5-11
7297700,15,2000,2016-12-14,2017-6-7
7297700,16,2500,2016-12-14,2017-7-4
7297700,17,3000,2016-12-14,2017-7-30
7297700,18,5000,2016-12-14,2017-11-16
7297700,19,10000,2016-12-14,2018-7-31
7297700,20,15000,2016-12-14,2019-1-12
7297700,21,20000,2016-12-14,2019-6-13
7311767,1,1,2016-12-18,2016-12-19
7311767,2,5,2016-12-18,2016-12-20
7311767,3,10,2016-12-18,2016-12-21
7311767,4,15,2016-12-18,2016-12-22
7311767,5,20,2016-12-18,2016-12-23
7311767,6,50,2016-12-18,2016-12-24
7311767,7,75,2016-12-18,2016-12-25
7311767,8,100,2016-12-18,2016-12-26
7311767,9,125,2016-12-18,2016-12-27
7311767,10,200,2016-12-18,2016-12-29
7311767,11,250,2016-12-18,2016-12-30
7311767,12,500,2016-12-18,2017-1-3
7311767,13,1000,2016-12-18,2017-1-11
7311767,14,1500,2016-12-18,2017-1-19
7311767,15,2000,2016-12-18,2017-1-27
7311767,16,2500,2016-12-18,2017-2-4
7311767,17,3000,2016-12-18,2017-2-12
7311767,18,5000,2016-12-18,2017-3-14
7311767,19,10000,2016-12-18,2017-5-26
7311767,20,15000,2016-12-18,2017-10-5
7311767,21,20000,2016-12-18,2018-2-14
7326738,1,1,2016-12-21,2016-12-22
7326738,2,5,2016-12-21,2016-12-23
7326738,3,10,2016-12-21,2016-12-24
7326738,4,15,2016-12-21,2016-12-25
7326738,5,20,2016-12-21,2016-12-26
7326738,6,50,2016-12-21,2016-12-30
7326738,7,75,2016-12-21,2017-1-2
7326738,8,100,2016-12-21,2017-1-5
7326738,9,125,2016-12-21,2017-1-8
7326738,10,200,2016-12-21,2017-1-17
7326738,11,250,2016-12-21,2017-1-23
7326738,12,500,2016-12-21,2017-2-21
7326738,13,1000,2016-12-21,2017-4-18
7326738,14,1500,2016-12-21,2017-5-6
7326738,15,2000,2016-12-21,2017-5-24
7326738,16,2500,2016-12-21,2017-6-10
7326738,17,3000,2016-12-21,2017-6-27
7326738,18,5000,2016-12-21,2017-7-27
7326738,19,10000,2016-12-21,2017-10-8
7326738,20,15000,2016-12-21,2017-12-4
7326738,21,20000,2016-12-21,2018-1-29
7328782,1,1,2016-12-22,2016-12-23
7328782,2,5,2016-12-22,2016-12-25
7328782,3,10,2016-12-22,2016-12-27
7328782,4,15,2016-12-22,2016-12-29
7328782,5,20,2016-12-22,2016-12-31
7328782,6,50,2016-12-22,2017-1-11
7328782,7,75,2016-12-22,2017-1-20
7328782,8,100,2016-12-22,2017-1-29
7328782,9,125,2016-12-22,2017-2-7
7328782,10,200,2016-12-22,2017-3-6
7328782,11,250,2016-12-22,2017-3-24
7328782,12,500,2016-12-22,2017-8-17
7328782,13,1000,2016-12-22,2017-11-24
7328782,14,1500,2016-12-22,2017-12-7
7328782,15,2000,2016-12-22,2017-12-20
7328782,16,2500,2016-12-22,2018-1-2
7328782,17,3000,2016-12-22,2018-1-15
7328782,18,5000,2016-12-22,2018-3-6
7328782,19,10000,2016-12-22,2018-6-24
7328782,20,15000,2016-12-22,2018-10-13
7328782,21,20000,2016-12-22,2019-2-2
7429447,1,1,2017-1-17,2017-1-18
7429447,2,5,2017-1-17,2017-1-19
7429447,3,10,2017-1-17,2017-1-20
7429447,4,15,2017-1-17,2017-1-21
7429447,5,20,2017-1-17,2017-1-22
7429447,6,50,2017-1-17,2017-1-24
7429447,7,75,2017-1-17,2017-1-26
7429447,8,100,2017-1-17,2017-1-28
7429447,9,125,2017-1-17,2017-1-30
7429447,10,200,2017-1-17,2017-2-4
7429447,11,250,2017-1-17,2017-2-8
7429447,12,500,2017-1-17,2017-2-24
7429447,13,1000,2017-1-17,2017-3-28
7429447,14,1500,2017-1-17,2017-4-29
7429447,15,2000,2017-1-17,2017-5-30
7429447,16,2500,2017-1-17,2017-6-18
7429447,17,3000,2017-1-17,2017-7-6
7429447,18,5000,2017-1-17,2017-9-10
7429447,19,10000,2017-1-17,2017-11-27
7429447,20,15000,2017-1-17,2018-2-12
7429447,21,20000,2017-1-17,2018-4-30
7461381,1,1,2017-1-24,2017-1-25
7461381,2,5,2017-1-24,2017-1-26
7461381,3,10,2017-1-24,2017-1-27
7461381,4,15,2017-1-24,2017-1-28
7461381,5,20,2017-1-24,2017-1-29
7461381,6,50,2017-1-24,2017-1-31
7461381,7,75,2017-1-24,2017-2-2
7461381,8,100,2017-1-24,2017-2-4
7461381,9,125,2017-1-24,2017-2-6
7461381,10,200,2017-1-24,2017-2-11
7461381,11,250,2017-1-24,2017-2-15
7461381,12,500,2017-1-24,2017-3-3
7461381,13,1000,2017-1-24,2017-4-2
7461381,14,1500,2017-1-24,2017-5-2
7461381,15,2000,2017-1-24,2017-6-1
7461381,16,2500,2017-1-24,2017-8-14
7461381,17,3000,2017-1-24,2017-10-26
7461381,18,5000,2017-1-24,2017-12-19
7461381,19,10000,2017-1-24,2018-5-1
7461381,20,15000,2017-1-24,2018-8-11
7461381,21,20000,2017-1-24,2018-10-19
7505395,1,1,2017-2-2,2017-6-9
7505395,2,5,2017-2-2,2017-6-10
7505395,3,10,2017-2-2,2017-6-11
7505395,4,15,2017-2-2,2017-6-12
7505395,5,20,2017-2-2,2017-6-13
7505395,6,50,2017-2-2,2017-6-17
7505395,7,75,2017-2-2,2017-6-20
7505395,8,100,2017-2-2,2017-6-23
7505395,9,125,2017-2-2,2017-6-26
7505395,10,200,2017-2-2,2017-7-4
7505395,11,250,2017-2-2,2017-7-10
7505395,12,500,2017-2-2,2017-8-4
7505395,13,1000,2017-2-2,2017-9-23
7505395,14,1500,2017-2-2,2017-11-12
7505395,15,2000,2017-2-2,2017-11-22
7505395,16,2500,2017-2-2,2017-12-2
7505395,17,3000,2017-2-2,2017-12-12
7505395,18,5000,2017-2-2,2018-1-20
7505395,19,10000,2017-2-2,2018-4-26
7505395,20,15000,2017-2-2,2018-8-28
7505395,21,20000,2017-2-2,2018-12-12
7510657,1,1,2017-2-3,2017-2-4
7510657,2,5,2017-2-3,2017-2-6
7510657,3,10,2017-2-3,2017-2-8
7510657,4,15,2017-2-3,2017-2-10
7510657,5,20,2017-2-3,2017-2-12
7510657,6,50,2017-2-3,2017-2-24
7510657,7,75,2017-2-3,2017-3-6
7510657,8,100,2017-2-3,2017-3-16
7510657,9,125,2017-2-3,2017-3-26
7510657,10,200,2017-2-3,2017-4-25
7510657,11,250,2017-2-3,2017-5-15
7510657,12,500,2017-2-3,2017-7-12
7510657,13,1000,2017-2-3,2017-11-5
7510657,14,1500,2017-2-3,2018-3-1
7510657,15,2000,2017-2-3,2018-3-17
7510657,16,2500,2017-2-3,2018-4-2
7510657,17,3000,2017-2-3,2018-4-18
7510657,18,5000,2017-2-3,2018-6-21
7510657,19,10000,2017-2-3,2018-10-19
7510657,20,15000,2017-2-3,2019-1-31
7510657,21,20000,2017-2-3,2019-5-15
7579471,1,1,2017-2-17,2017-2-18
7579471,2,5,2017-2-17,2017-2-19
7579471,3,10,2017-2-17,2017-2-20
7579471,4,15,2017-2-17,2017-2-21
7579471,5,20,2017-2-17,2017-2-22
7579471,6,50,2017-2-17,2017-2-23
7579471,7,75,2017-2-17,2017-2-24
7579471,8,100,2017-2-17,2017-2-25
7579471,9,125,2017-2-17,2017-2-26
7579471,10,200,2017-2-17,2017-2-28
7579471,11,250,2017-2-17,2017-3-1
7579471,12,500,2017-2-17,2017-3-6
7579471,13,1000,2017-2-17,2017-3-15
7579471,14,1500,2017-2-17,2017-3-23
7579471,15,2000,2017-2-17,2017-3-31
7579471,16,2500,2017-2-17,2017-4-8
7579471,17,3000,2017-2-17,2017-4-16
7579471,18,5000,2017-2-17,2017-5-18
7579471,19,10000,2017-2-17,2017-10-29
7579471,20,15000,2017-2-17,2018-5-16
7579471,21,20000,2017-2-17,2019-1-24
7666442,1,1,2017-3-6,2017-3-7
7666442,2,5,2017-3-6,2017-3-8
7666442,3,10,2017-3-6,2017-3-10
7666442,4,15,2017-3-6,2017-3-12
7666442,5,20,2017-3-6,2017-3-14
7666442,6,50,2017-3-6,2017-3-21
7666442,7,75,2017-3-6,2017-3-27
7666442,8,100,2017-3-6,2017-4-1
7666442,9,125,2017-3-6,2017-4-6
7666442,10,200,2017-3-6,2017-4-21
7666442,11,250,2017-3-6,2017-5-1
7666442,12,500,2017-3-6,2017-5-8
7666442,13,1000,2017-3-6,2017-5-22
7666442,14,1500,2017-3-6,2017-6-5
7666442,15,2000,2017-3-6,2017-6-19
7666442,16,2500,2017-3-6,2017-7-3
7666442,17,3000,2017-3-6,2017-7-17
7666442,18,5000,2017-3-6,2017-8-26
7666442,19,10000,2017-3-6,2017-12-4
7666442,20,15000,2017-3-6,2018-3-13
7666442,21,20000,2017-3-6,2018-6-17
7669809,1,1,2017-3-7,2017-3-8
7669809,2,5,2017-3-7,2017-3-9
7669809,3,10,2017-3-7,2017-3-10
7669809,4,15,2017-3-7,2017-3-11
7669809,5,20,2017-3-7,2017-3-12
7669809,6,50,2017-3-7,2017-3-15
7669809,7,75,2017-3-7,2017-3-17
7669809,8,100,2017-3-7,2017-3-19
7669809,9,125,2017-3-7,2017-3-21
7669809,10,200,2017-3-7,2017-3-27
7669809,11,250,2017-3-7,2017-3-31
7669809,12,500,2017-3-7,2017-4-18
7669809,13,1000,2017-3-7,2017-5-24
7669809,14,1500,2017-3-7,2017-6-5
7669809,15,2000,2017-3-7,2017-6-17
7669809,16,2500,2017-3-7,2017-6-29
7669809,17,3000,2017-3-7,2017-7-11
7669809,18,5000,2017-3-7,2017-8-27
7669809,19,10000,2017-3-7,2017-11-14
7669809,20,15000,2017-3-7,2018-2-17
7669809,21,20000,2017-3-7,2018-5-23
7860670,1,1,2017-4-13,2017-4-14
7860670,2,5,2017-4-13,2017-4-15
7860670,3,10,2017-4-13,2017-4-16
7860670,4,15,2017-4-13,2017-4-17
7860670,5,20,2017-4-13,2017-4-18
7860670,6,50,2017-4-13,2017-4-19
7860670,7,75,2017-4-13,2017-4-20
7860670,8,100,2017-4-13,2017-4-21
7860670,9,125,2017-4-13,2017-4-22
7860670,10,200,2017-4-13,2017-4-24
7860670,11,250,2017-4-13,2017-4-25
7860670,12,500,2017-4-13,2017-4-29
7860670,13,1000,2017-4-13,2017-5-7
7860670,14,1500,2017-4-13,2017-5-14
7860670,15,2000,2017-4-13,2017-5-21
7860670,16,2500,2017-4-13,2017-5-28
7860670,17,3000,2017-4-13,2017-6-4
7860670,18,5000,2017-4-13,2017-7-19
7860670,19,10000,2017-4-13,2017-11-14
7860670,20,15000,2017-4-13,2018-3-30
7860670,21,20000,2017-4-13,2018-8-4
7964527,1,1,2017-5-4,2017-5-5
7964527,2,5,2017-5-4,2017-5-7
7964527,3,10,2017-5-4,2017-5-9
7964527,4,15,2017-5-4,2017-5-11
7964527,5,20,2017-5-4,2017-5-13
7964527,6,50,2017-5-4,2017-5-23
7964527,7,75,2017-5-4,2017-6-1
7964527,8,100,2017-5-4,2017-6-9
7964527,9,125,2017-5-4,2017-6-10
7964527,10,200,2017-5-4,2017-6-12
7964527,11,250,2017-5-4,2017-6-13
7964527,12,500,2017-5-4,2017-6-18
7964527,13,1000,2017-5-4,2017-6-27
7964527,14,1500,2017-5-4,2017-7-6
7964527,15,2000,2017-5-4,2017-7-15
7964527,16,2500,2017-5-4,2017-7-24
7964527,17,3000,2017-5-4,2017-8-2
7964527,18,5000,2017-5-4,2017-8-16
7964527,19,10000,2017-5-4,2017-9-18
7964527,20,15000,2017-5-4,2017-10-21
7964527,21,20000,2017-5-4,2017-11-22
7976758,1,1,2017-5-7,2017-5-8
7976758,2,5,2017-5-7,2017-5-9
7976758,3,10,2017-5-7,2017-5-10
7976758,4,15,2017-5-7,2017-5-11
7976758,5,20,2017-5-7,2017-5-12
7976758,6,50,2017-5-7,2017-5-14
7976758,7,75,2017-5-7,2017-5-16
7976758,8,100,2017-5-7,2017-5-17
7976758,9,125,2017-5-7,2017-5-18
7976758,10,200,2017-5-7,2017-5-21
7976758,11,250,2017-5-7,2017-5-23
7976758,12,500,2017-5-7,2017-6-2
7976758,13,1000,2017-5-7,2017-6-13
7976758,14,1500,2017-5-7,2017-6-24
7976758,15,2000,2017-5-7,2017-7-4
7976758,16,2500,2017-5-7,2017-7-14
7976758,17,3000,2017-5-7,2017-7-24
7976758,18,5000,2017-5-7,2017-9-18
7976758,19,10000,2017-5-7,2018-2-2
7976758,20,15000,2017-5-7,2018-6-21
7976758,21,20000,2017-5-7,2018-11-17
7998591,1,1,2017-5-11,2017-5-14
7998591,2,5,2017-5-11,2017-5-25
7998591,3,10,2017-5-11,2017-6-7
7998591,4,15,2017-5-11,2017-6-8
7998591,5,20,2017-5-11,2017-6-9
7998591,6,50,2017-5-11,2017-6-13
7998591,7,75,2017-5-11,2017-6-17
7998591,8,100,2017-5-11,2017-6-21
7998591,9,125,2017-5-11,2017-6-25
7998591,10,200,2017-5-11,2017-7-4
7998591,11,250,2017-5-11,2017-7-10
7998591,12,500,2017-5-11,2017-8-9
7998591,13,1000,2017-5-11,2017-8-27
7998591,14,1500,2017-5-11,2017-9-14
7998591,15,2000,2017-5-11,2017-10-1
7998591,16,2500,2017-5-11,2017-10-18
7998591,17,3000,2017-5-11,2017-11-4
7998591,18,5000,2017-5-11,2017-12-27
7998591,19,10000,2017-5-11,2018-5-8
7998591,20,15000,2017-5-11,2018-10-14
7998591,21,20000,2017-5-11,2019-2-23
8016720,1,1,2017-5-15,2017-5-16
8016720,2,5,2017-5-15,2017-5-17
8016720,3,10,2017-5-15,2017-5-18
8016720,4,15,2017-5-15,2017-5-19
8016720,5,20,2017-5-15,2017-5-20
8016720,6,50,2017-5-15,2017-5-22
8016720,7,75,2017-5-15,2017-5-24
8016720,8,100,2017-5-15,2017-5-26
8016720,9,125,2017-5-15,2017-5-28
8016720,10,200,2017-5-15,2017-6-1
8016720,11,250,2017-5-15,2017-6-4
8016720,12,500,2017-5-15,2017-6-17
8016720,13,1000,2017-5-15,2017-7-12
8016720,14,1500,2017-5-15,2017-8-6
8016720,15,2000,2017-5-15,2017-8-31
8016720,16,2500,2017-5-15,2017-9-25
8016720,17,3000,2017-5-15,2017-10-20
8016720,18,5000,2017-5-15,2018-3-10
8016720,19,10000,2017-5-15,2018-10-7
8016720,20,15000,2017-5-15,2019-2-19
8016720,21,20000,2017-5-15,2019-6-26
8073652,1,1,2017-5-27,2017-5-28
8073652,2,5,2017-5-27,2017-5-30
8073652,3,10,2017-5-27,2017-6-1
8073652,4,15,2017-5-27,2017-6-3
8073652,5,20,2017-5-27,2017-6-5
8073652,6,50,2017-5-27,2017-6-8
8073652,7,75,2017-5-27,2017-6-11
8073652,8,100,2017-5-27,2017-6-14
8073652,9,125,2017-5-27,2017-6-17
8073652,10,200,2017-5-27,2017-6-25
8073652,11,250,2017-5-27,2017-6-30
8073652,12,500,2017-5-27,2017-7-24
8073652,13,1000,2017-5-27,2017-8-6
8073652,14,1500,2017-5-27,2017-8-19
8073652,15,2000,2017-5-27,2017-9-1
8073652,16,2500,2017-5-27,2017-9-14
8073652,17,3000,2017-5-27,2017-9-27
8073652,18,5000,2017-5-27,2017-11-17
8073652,19,10000,2017-5-27,2018-2-5
8073652,20,15000,2017-5-27,2018-4-26
8073652,21,20000,2017-5-27,2018-8-17
8200937,1,1,2017-6-22,2017-6-23
8200937,2,5,2017-6-22,2017-6-24
8200937,3,10,2017-6-22,2017-6-25
8200937,4,15,2017-6-22,2017-6-26
8200937,5,20,2017-6-22,2017-6-27
8200937,6,50,2017-6-22,2017-6-28
8200937,7,75,2017-6-22,2017-6-29
8200937,8,100,2017-6-22,2017-6-30
8200937,9,125,2017-6-22,2017-7-1
8200937,10,200,2017-6-22,2017-7-3
8200937,11,250,2017-6-22,2017-7-4
8200937,12,500,2017-6-22,2017-7-9
8200937,13,1000,2017-6-22,2017-7-19
8200937,14,1500,2017-6-22,2017-7-29
8200937,15,2000,2017-6-22,2017-8-8
8200937,16,2500,2017-6-22,2017-8-18
8200937,17,3000,2017-6-22,2017-8-25
8200937,18,5000,2017-6-22,2017-9-21
8200937,19,10000,2017-6-22,2017-11-27
8200937,20,15000,2017-6-22,2018-4-17
8200937,21,20000,2017-6-22,2018-12-22
8245406,1,1,2017-7-2,2017-7-3
8245406,2,5,2017-7-2,2017-7-4
8245406,3,10,2017-7-2,2017-7-5
8245406,4,15,2017-7-2,2017-7-6
8245406,5,20,2017-7-2,2017-7-7
8245406,6,50,2017-7-2,2017-7-8
8245406,7,75,2017-7-2,2017-7-9
8245406,8,100,2017-7-2,2017-7-10
8245406,9,125,2017-7-2,2017-7-11
8245406,10,200,2017-7-2,2017-7-13
8245406,11,250,2017-7-2,2017-7-15
8245406,12,500,2017-7-2,2017-7-21
8245406,13,1000,2017-7-2,2017-8-2
8245406,14,1500,2017-7-2,2017-8-14
8245406,15,2000,2017-7-2,2017-8-25
8245406,16,2500,2017-7-2,2017-9-9
8245406,17,3000,2017-7-2,2017-9-24
8245406,18,5000,2017-7-2,2017-11-19
8245406,19,10000,2017-7-2,2018-6-13
8245406,20,15000,2017-7-2,2018-12-18
8245406,21,20000,2017-7-2,2019-5-20
8283848,1,1,2017-7-10,2017-7-11
8283848,2,5,2017-7-10,2017-7-15
8283848,3,10,2017-7-10,2017-7-20
8283848,4,15,2017-7-10,2017-7-25
8283848,5,20,2017-7-10,2017-7-30
8283848,6,50,2017-7-10,2017-11-5
8283848,7,75,2017-7-10,2017-11-7
8283848,8,100,2017-7-10,2017-11-9
8283848,9,125,2017-7-10,2017-11-11
8283848,10,200,2017-7-10,2017-11-17
8283848,11,250,2017-7-10,2017-11-21
8283848,12,500,2017-7-10,2017-12-8
8283848,13,1000,2017-7-10,2018-1-11
8283848,14,1500,2017-7-10,2018-2-13
8283848,15,2000,2017-7-10,2018-3-18
8283848,16,2500,2017-7-10,2018-4-20
8283848,17,3000,2017-7-10,2018-5-23
8283848,18,5000,2017-7-10,2018-6-28
8283848,19,10000,2017-7-10,2018-10-11
8283848,20,15000,2017-7-10,2019-2-6
8283848,21,20000,2017-7-10,2019-6-29
8298909,1,1,2017-7-12,2017-7-13
8298909,2,5,2017-7-12,2017-7-14
8298909,3,10,2017-7-12,2017-7-15
8298909,4,15,2017-7-12,2017-7-16
8298909,5,20,2017-7-12,2017-7-17
8298909,6,50,2017-7-12,2017-7-18
8298909,7,75,2017-7-12,2017-7-19
8298909,8,100,2017-7-12,2017-7-20
8298909,9,125,2017-7-12,2017-7-21
8298909,10,200,2017-7-12,2017-7-22
8298909,11,250,2017-7-12,2017-7-23
8298909,12,500,2017-7-12,2017-7-26
8298909,13,1000,2017-7-12,2017-8-1
8298909,14,1500,2017-7-12,2017-8-7
8298909,15,2000,2017-7-12,2017-8-12
8298909,16,2500,2017-7-12,2017-8-17
8298909,17,3000,2017-7-12,2017-8-22
8298909,18,5000,2017-7-12,2017-10-6
8298909,19,10000,2017-7-12,2018-2-23
8298909,20,15000,2017-7-12,2018-8-5
8298909,21,20000,2017-7-12,2018-11-8
8394265,1,1,2017-7-31,2017-8-1
8394265,2,5,2017-7-31,2017-8-2
8394265,3,10,2017-7-31,2017-8-4
8394265,4,15,2017-7-31,2017-8-6
8394265,5,20,2017-7-31,2017-8-8
8394265,6,50,2017-7-31,2017-8-15
8394265,7,75,2017-7-31,2017-8-20
8394265,8,100,2017-7-31,2017-8-25
8394265,9,125,2017-7-31,2017-8-28
8394265,10,200,2017-7-31,2017-9-6
8394265,11,250,2017-7-31,2017-9-12
8394265,12,500,2017-7-31,2017-10-9
8394265,13,1000,2017-7-31,2017-12-2
8394265,14,1500,2017-7-31,2017-12-16
8394265,15,2000,2017-7-31,2017-12-30
8394265,16,2500,2017-7-31,2018-1-13
8394265,17,3000,2017-7-31,2018-1-27
8394265,18,5000,2017-7-31,2018-3-23
8394265,19,10000,2017-7-31,2018-6-17
8394265,20,15000,2017-7-31,2018-8-29
8394265,21,20000,2017-7-31,2018-11-10
8620333,1,1,2017-9-16,2017-9-17
8620333,2,5,2017-9-16,2017-9-18
8620333,3,10,2017-9-16,2017-9-19
8620333,4,15,2017-9-16,2017-9-20
8620333,5,20,2017-9-16,2017-9-21
8620333,6,50,2017-9-16,2017-9-22
8620333,7,75,2017-9-16,2017-9-23
8620333,8,100,2017-9-16,2017-9-24
8620333,9,125,2017-9-16,2017-9-25
8620333,10,200,2017-9-16,2017-9-26
8620333,11,250,2017-9-16,2017-9-27
8620333,12,500,2017-9-16,2017-9-30
8620333,13,1000,2017-9-16,2017-10-6
8620333,14,1500,2017-9-16,2017-10-12
8620333,15,2000,2017-9-16,2017-10-18
8620333,16,2500,2017-9-16,2017-10-23
8620333,17,3000,2017-9-16,2017-10-28
8620333,18,5000,2017-9-16,2017-11-17
8620333,19,10000,2017-9-16,2017-12-19
8620333,20,15000,2017-9-16,2018-1-20
8620333,21,20000,2017-9-16,2018-2-21
8708364,1,1,2017-10-2,2017-10-4
8708364,2,5,2017-10-2,2017-10-9
8708364,3,10,2017-10-2,2017-10-15
8708364,4,15,2017-10-2,2017-10-21
8708364,5,20,2017-10-2,2017-10-27
8708364,6,50,2017-10-2,2017-11-28
8708364,7,75,2017-10-2,2017-12-16
8708364,8,100,2017-10-2,2018-1-3
8708364,9,125,2017-10-2,2018-1-21
8708364,10,200,2017-10-2,2018-3-16
8708364,11,250,2017-10-2,2018-4-21
8708364,12,500,2017-10-2,2018-5-1
8708364,13,1000,2017-10-2,2018-5-20
8708364,14,1500,2017-10-2,2018-6-7
8708364,15,2000,2017-10-2,2018-6-25
8708364,16,2500,2017-10-2,2018-7-13
8708364,17,3000,2017-10-2,2018-7-31
8708364,18,5000,2017-10-2,2018-9-3
8708364,19,10000,2017-10-2,2018-11-26
8708364,20,15000,2017-10-2,2019-2-20
8708364,21,20000,2017-10-2,2019-5-17
9072753,1,1,2017-12-8,2017-12-9
9072753,2,5,2017-12-8,2017-12-10
9072753,3,10,2017-12-8,2017-12-11
9072753,4,15,2017-12-8,2017-12-12
9072753,5,20,2017-12-8,2017-12-13
9072753,6,50,2017-12-8,2017-12-17
9072753,7,75,2017-12-8,2017-12-20
9072753,8,100,2017-12-8,2017-12-23
9072753,9,125,2017-12-8,2017-12-26
9072753,10,200,2017-12-8,2018-1-4
9072753,11,250,2017-12-8,2018-1-10
9072753,12,500,2017-12-8,2018-2-8
9072753,13,1000,2017-12-8,2018-4-6
9072753,14,1500,2017-12-8,2018-6-2
9072753,15,2000,2017-12-8,2018-6-24
9072753,16,2500,2017-12-8,2018-7-16
9072753,17,3000,2017-12-8,2018-8-7
9072753,18,5000,2017-12-8,2018-9-25
9072753,19,10000,2017-12-8,2019-1-15
9072753,20,15000,2017-12-8,2019-5-7
9072753,21,20000,2017-12-8,2019-8-24
9097906,1,1,2017-12-14,2017-12-15
9097906,2,5,2017-12-14,2017-12-16
9097906,3,10,2017-12-14,2017-12-17
9097906,4,15,2017-12-14,2017-12-18
9097906,5,20,2017-12-14,2017-12-19
9097906,6,50,2017-12-14,2017-12-20
9097906,7,75,2017-12-14,2017-12-21
9097906,8,100,2017-12-14,2017-12-22
9097906,9,125,2017-12-14,2017-12-23
9097906,10,200,2017-12-14,2017-12-25
9097906,11,250,2017-12-14,2017-12-26
9097906,12,500,2017-12-14,2017-12-31
9097906,13,1000,2017-12-14,2018-1-9
9097906,14,1500,2017-12-14,2018-1-18
9097906,15,2000,2017-12-14,2018-1-27
9097906,16,2500,2017-12-14,2018-2-5
9097906,17,3000,2017-12-14,2018-2-14
9097906,18,5000,2017-12-14,2018-3-20
9097906,19,10000,2017-12-14,2018-6-14
9097906,20,15000,2017-12-14,2018-9-22
9097906,21,20000,2017-12-14,2018-12-23
9209546,1,1,2018-1-12,2018-1-13
9209546,2,5,2018-1-12,2018-1-14
9209546,3,10,2018-1-12,2018-1-15
9209546,4,15,2018-1-12,2018-1-16
9209546,5,20,2018-1-12,2018-1-17
9209546,6,50,2018-1-12,2018-1-18
9209546,7,75,2018-1-12,2018-1-19
9209546,8,100,2018-1-12,2018-1-20
9209546,9,125,2018-1-12,2018-1-21
9209546,10,200,2018-1-12,2018-1-22
9209546,11,250,2018-1-12,2018-1-23
9209546,12,500,2018-1-12,2018-1-24
9209546,13,1000,2018-1-12,2018-1-26
9209546,14,1500,2018-1-12,2018-1-28
9209546,15,2000,2018-1-12,2018-1-30
9209546,16,2500,2018-1-12,2018-2-1
9209546,17,3000,2018-1-12,2018-2-3
9209546,18,5000,2018-1-12,2018-2-11
9209546,19,10000,2018-1-12,2018-3-1
9209546,20,15000,2018-1-12,2018-3-19
9209546,21,20000,2018-1-12,2018-4-6
9473764,1,1,2018-3-11,2018-3-12
9473764,2,5,2018-3-11,2018-3-13
9473764,3,10,2018-3-11,2018-3-14
9473764,4,15,2018-3-11,2018-3-15
9473764,5,20,2018-3-11,2018-3-16
9473764,6,50,2018-3-11,2018-3-17
9473764,7,75,2018-3-11,2018-3-18
9473764,8,100,2018-3-11,2018-3-19
9473764,9,125,2018-3-11,2018-3-20
9473764,10,200,2018-3-11,2018-3-22
9473764,11,250,2018-3-11,2018-3-23
9473764,12,500,2018-3-11,2018-3-27
9473764,13,1000,2018-3-11,2018-4-3
9473764,14,1500,2018-3-11,2018-4-10
9473764,15,2000,2018-3-11,2018-4-17
9473764,16,2500,2018-3-11,2018-4-24
9473764,17,3000,2018-3-11,2018-5-1
9473764,18,5000,2018-3-11,2018-5-28
9473764,19,10000,2018-3-11,2018-9-2
9473764,20,15000,2018-3-11,2018-10-15
9473764,21,20000,2018-3-11,2018-11-27
9515207,1,1,2018-3-19,2018-3-20
9515207,2,5,2018-3-19,2018-3-21
9515207,3,10,2018-3-19,2018-3-22
9515207,4,15,2018-3-19,2018-3-23
9515207,5,20,2018-3-19,2018-3-24
9515207,6,50,2018-3-19,2018-3-25
9515207,7,75,2018-3-19,2018-3-26
9515207,8,100,2018-3-19,2018-3-27
9515207,9,125,2018-3-19,2018-3-28
9515207,10,200,2018-3-19,2018-3-29
9515207,11,250,2018-3-19,2018-3-30
9515207,12,500,2018-3-19,2018-3-31
9515207,13,1000,2018-3-19,2018-4-2
9515207,14,1500,2018-3-19,2018-4-4
9515207,15,2000,2018-3-19,2018-4-6
9515207,16,2500,2018-3-19,2018-4-8
9515207,17,3000,2018-3-19,2018-4-10
9515207,18,5000,2018-3-19,2018-4-16
9515207,19,10000,2018-3-19,2018-5-1
9515207,20,15000,2018-3-19,2018-5-15
9515207,21,20000,2018-3-19,2018-5-29
9593596,1,1,2018-4-3,2018-4-4
9593596,2,5,2018-4-3,2018-4-5
9593596,3,10,2018-4-3,2018-4-6
9593596,4,15,2018-4-3,2018-4-7
9593596,5,20,2018-4-3,2018-4-8
9593596,6,50,2018-4-3,2018-4-9
9593596,7,75,2018-4-3,2018-4-10
9593596,8,100,2018-4-3,2018-4-11
9593596,9,125,2018-4-3,2018-4-12
9593596,10,200,2018-4-3,2018-4-14
9593596,11,250,2018-4-3,2018-4-16
9593596,12,500,2018-4-3,2018-4-23
9593596,13,1000,2018-4-3,2018-5-6
9593596,14,1500,2018-4-3,2018-5-19
9593596,15,2000,2018-4-3,2018-6-1
9593596,16,2500,2018-4-3,2018-6-14
9593596,17,3000,2018-4-3,2018-6-27
9593596,18,5000,2018-4-3,2018-8-18
9593596,19,10000,2018-4-3,2018-12-5
9593596,20,15000,2018-4-3,2019-3-24
9593596,21,20000,2018-4-3,2019-6-10
9624435,1,1,2018-4-10,2018-4-14
9624435,2,5,2018-4-10,2018-4-28
9624435,3,10,2018-4-10,2018-5-15
9624435,4,15,2018-4-10,2018-5-20
9624435,5,20,2018-4-10,2018-5-25
9624435,6,50,2018-4-10,2018-6-23
9624435,7,75,2018-4-10,2018-7-17
9624435,8,100,2018-4-10,2018-8-10
9624435,9,125,2018-4-10,2018-9-3
9624435,10,200,2018-4-10,2018-11-14
9624435,11,250,2018-4-10,2018-11-15
9624435,12,500,2018-4-10,2018-11-19
9624435,13,1000,2018-4-10,2018-11-26
9624435,14,1500,2018-4-10,2018-12-3
9624435,15,2000,2018-4-10,2018-12-10
9624435,16,2500,2018-4-10,2018-12-17
9624435,17,3000,2018-4-10,2018-12-24
9624435,18,5000,2018-4-10,2019-1-21
9624435,19,10000,2018-4-10,2019-3-30
9624435,20,15000,2018-4-10,2019-5-30
9624435,21,20000,2018-4-10,2019-7-29
9661424,1,1,2018-4-17,2018-4-18
9661424,2,5,2018-4-17,2018-4-19
9661424,3,10,2018-4-17,2018-4-20
9661424,4,15,2018-4-17,2018-4-21
9661424,5,20,2018-4-17,2018-4-22
9661424,6,50,2018-4-17,2018-4-23
9661424,7,75,2018-4-17,2018-4-24
9661424,8,100,2018-4-17,2018-4-25
9661424,9,125,2018-4-17,2018-4-26
9661424,10,200,2018-4-17,2018-4-28
9661424,11,250,2018-4-17,2018-4-29
9661424,12,500,2018-4-17,2018-5-3
9661424,13,1000,2018-4-17,2018-5-10
9661424,14,1500,2018-4-17,2018-5-17
9661424,15,2000,2018-4-17,2018-5-24
9661424,16,2500,2018-4-17,2018-5-30
9661424,17,3000,2018-4-17,2018-6-7
9661424,18,5000,2018-4-17,2018-7-9
9661424,19,10000,2018-4-17,2018-11-7
9661424,20,15000,2018-4-17,2019-2-18
9661424,21,20000,2018-4-17,2019-6-1
9698684,1,1,2018-4-25,2018-4-26
9698684,2,5,2018-4-25,2018-4-29
9698684,3,10,2018-4-25,2018-5-3
9698684,4,15,2018-4-25,2018-5-6
9698684,5,20,2018-4-25,2018-5-9
9698684,6,50,2018-4-25,2018-5-27
9698684,7,75,2018-4-25,2018-8-6
9698684,8,100,2018-4-25,2018-8-9
9698684,9,125,2018-4-25,2018-8-12
9698684,10,200,2018-4-25,2018-8-19
9698684,11,250,2018-4-25,2018-8-24
9698684,12,500,2018-4-25,2018-9-14
9698684,13,1000,2018-4-25,2018-10-26
9698684,14,1500,2018-4-25,2018-10-31
9698684,15,2000,2018-4-25,2018-11-5
9698684,16,2500,2018-4-25,2018-11-10
9698684,17,3000,2018-4-25,2018-11-15
9698684,18,5000,2018-4-25,2018-12-5
9698684,19,10000,2018-4-25,2019-1-24
9698684,20,15000,2018-4-25,2019-3-15
9698684,21,20000,2018-4-25,2019-5-3
9819146,1,1,2018-5-20,2018-5-21
9819146,2,5,2018-5-20,2018-5-22
9819146,3,10,2018-5-20,2018-5-23
9819146,4,15,2018-5-20,2018-5-24
9819146,5,20,2018-5-20,2018-5-25
9819146,6,50,2018-5-20,2018-5-26
9819146,7,75,2018-5-20,2018-5-27
9819146,8,100,2018-5-20,2018-5-28
9819146,9,125,2018-5-20,2018-5-29
9819146,10,200,2018-5-20,2018-5-31
9819146,11,250,2018-5-20,2018-6-1
9819146,12,500,2018-5-20,2018-6-6
9819146,13,1000,2018-5-20,2018-6-16
9819146,14,1500,2018-5-20,2018-6-26
9819146,15,2000,2018-5-20,2018-7-6
9819146,16,2500,2018-5-20,2018-7-16
9819146,17,3000,2018-5-20,2018-7-26
9819146,18,5000,2018-5-20,2018-9-1
9819146,19,10000,2018-5-20,2018-11-30
9819146,20,15000,2018-5-20,2019-2-28
9819146,21,20000,2018-5-20,2019-5-29
9840637,1,1,2018-5-24,2018-6-1
9840637,2,5,2018-5-24,2018-6-5
9840637,3,10,2018-5-24,2018-6-10
9840637,4,15,2018-5-24,2018-6-14
9840637,5,20,2018-5-24,2018-6-18
9840637,6,50,2018-5-24,2018-7-12
9840637,7,75,2018-5-24,2018-8-1
9840637,8,100,2018-5-24,2018-8-21
9840637,9,125,2018-5-24,2018-8-27
9840637,10,200,2018-5-24,2018-9-12
9840637,11,250,2018-5-24,2018-9-23
9840637,12,500,2018-5-24,2018-11-14
9840637,13,1000,2018-5-24,2018-11-21
9840637,14,1500,2018-5-24,2018-11-28
9840637,15,2000,2018-5-24,2018-12-5
9840637,16,2500,2018-5-24,2018-12-12
9840637,17,3000,2018-5-24,2018-12-19
9840637,18,5000,2018-5-24,2019-1-15
9840637,19,10000,2018-5-24,2019-3-23
9840637,20,15000,2018-5-24,2019-5-28
9840637,21,20000,2018-5-24,2019-7-21
9867451,1,1,2018-5-30,2018-5-31
9867451,2,5,2016-7-27,2018-6-1
9867451,3,10,2016-7-27,2018-6-2
9867451,4,15,2016-7-27,2018-6-3
9867451,5,20,2016-7-27,2018-6-4
9867451,6,50,2016-7-27,2018-6-5
9867451,7,75,2016-7-27,2018-6-6
9867451,8,100,2016-7-27,2018-6-7
9867451,9,125,2016-7-27,2018-6-8
9867451,10,200,2016-7-27,2018-6-9
9867451,11,250,2016-7-27,2018-6-10
9867451,12,500,2016-7-27,2018-6-12
9867451,13,1000,2016-7-27,2018-6-15
9867451,14,1500,2016-7-27,2018-6-18
9867451,15,2000,2016-7-27,2018-6-21
9867451,16,2500,2016-7-27,2018-6-24
9867451,17,3000,2016-7-27,2018-6-27
9867451,18,5000,2016-7-27,2018-7-6
9867451,19,10000,2016-7-27,2018-7-27
9867451,20,15000,2016-7-27,2018-8-16
9867451,21,20000,2016-7-27,2018-11-13
10008173,1,1,2018-6-28,2018-6-29
10008173,2,5,2018-6-28,2018-6-30
10008173,3,10,2018-6-28,2018-7-1
10008173,4,15,2018-6-28,2018-7-2
10008173,5,20,2018-6-28,2018-7-3
10008173,6,50,2018-6-28,2018-7-4
10008173,7,75,2018-6-28,2018-7-5
10008173,8,100,2018-6-28,2018-7-6
10008173,9,125,2018-6-28,2018-7-7
10008173,10,200,2018-6-28,2018-7-9
10008173,11,250,2018-6-28,2018-7-10
10008173,12,500,2018-6-28,2018-7-14
10008173,13,1000,2018-6-28,2018-7-22
10008173,14,1500,2018-6-28,2018-7-30
10008173,15,2000,2018-6-28,2018-8-7
10008173,16,2500,2018-6-28,2018-8-15
10008173,17,3000,2018-6-28,2018-8-23
10008173,18,5000,2018-6-28,2018-9-30
10008173,19,10000,2018-6-28,2018-12-30
10008173,20,15000,2018-6-28,2019-3-30
10008173,21,20000,2018-6-28,2019-6-27
10035985,1,1,2018-7-5,2018-7-6
10035985,2,5,2018-7-5,2018-7-7
10035985,3,10,2018-7-5,2018-7-8
10035985,4,15,2018-7-5,2018-7-9
10035985,5,20,2018-7-5,2018-7-10
10035985,6,50,2018-7-5,2018-7-11
10035985,7,75,2018-7-5,2018-7-12
10035985,8,100,2018-7-5,2018-7-13
10035985,9,125,2018-7-5,2018-7-14
10035985,10,200,2018-7-5,2018-7-15
10035985,11,250,2018-7-5,2018-7-16
10035985,12,500,2018-7-5,2018-7-18
10035985,13,1000,2018-7-5,2018-7-22
10035985,14,1500,2018-7-5,2018-7-26
10035985,15,2000,2018-7-5,2018-7-30
10035985,16,2500,2018-7-5,2018-8-3
10035985,17,3000,2018-7-5,2018-8-7
10035985,18,5000,2018-7-5,2018-8-19
10035985,19,10000,2018-7-5,2018-12-20
10035985,20,15000,2018-7-5,2019-4-22
10035985,21,20000,2018-7-5,2019-8-23
10190237,1,1,2018-8-7,2018-8-8
10190237,2,5,2018-8-7,2018-8-9
10190237,3,10,2018-8-7,2018-8-10
10190237,4,15,2018-8-7,2018-8-11
10190237,5,20,2018-8-7,2018-8-12
10190237,6,50,2018-8-7,2018-8-13
10190237,7,75,2018-8-7,2018-8-14
10190237,8,100,2018-8-7,2018-8-15
10190237,9,125,2018-8-7,2018-8-16
10190237,10,200,2018-8-7,2018-8-17
10190237,11,250,2018-8-7,2018-8-18
10190237,12,500,2018-8-7,2018-8-21
10190237,13,1000,2018-8-7,2018-8-27
10190237,14,1500,2018-8-7,2018-9-1
10190237,15,2000,2018-8-7,2018-9-8
10190237,16,2500,2018-8-7,2018-9-15
10190237,17,3000,2018-8-7,2018-9-22
10190237,18,5000,2018-8-7,2018-10-17
10190237,19,10000,2018-8-7,2018-12-25
10190237,20,15000,2018-8-7,2019-3-3
10190237,21,20000,2018-8-7,2019-5-10
10221765,1,1,2018-8-13,2018-8-14
10221765,2,5,2018-8-13,2018-8-15
10221765,3,10,2018-8-13,2018-8-16
10221765,4,15,2018-8-13,2018-8-17
10221765,5,20,2018-8-13,2018-8-18
10221765,6,50,2018-8-13,2018-8-19
10221765,7,75,2018-8-13,2018-8-20
10221765,8,100,2018-8-13,2018-8-21
10221765,9,125,2018-8-13,2018-8-22
10221765,10,200,2018-8-13,2018-8-23
10221765,11,250,2018-8-13,2018-8-24
10221765,12,500,2018-8-13,2018-8-27
10221765,13,1000,2018-8-13,2018-9-2
10221765,14,1500,2018-8-13,2018-9-21
10221765,15,2000,2018-8-13,2018-10-10
10221765,16,2500,2018-8-13,2018-10-29
10221765,17,3000,2018-8-13,2018-11-17
10221765,18,5000,2018-8-13,2018-12-6
10221765,19,10000,2018-8-13,2019-1-23
10221765,20,15000,2018-8-13,2019-3-11
10221765,21,20000,2018-8-13,2019-4-27
10498828,1,1,2018-10-13,2018-10-14
10498828,2,5,2018-10-13,2018-10-15
10498828,3,10,2018-10-13,2018-10-16
10498828,4,15,2018-10-13,2018-10-17
10498828,5,20,2018-10-13,2018-10-18
10498828,6,50,2018-10-13,2018-10-19
10498828,7,75,2018-10-13,2018-10-20
10498828,8,100,2018-10-13,2018-10-21
10498828,9,125,2018-10-13,2018-10-22
10498828,10,200,2018-10-13,2018-10-23
10498828,11,250,2018-10-13,2018-10-24
10498828,12,500,2018-10-13,2018-10-27
10498828,13,1000,2018-10-13,2018-10-31
10498828,14,1500,2018-10-13,2018-11-4
10498828,15,2000,2018-10-13,2018-11-8
10498828,16,2500,2018-10-13,2018-11-12
10498828,17,3000,2018-10-13,2018-11-16
10498828,18,5000,2018-10-13,2018-12-3
10498828,19,10000,2018-10-13,2019-1-13
10498828,20,15000,2018-10-13,2019-2-22
10498828,21,20000,2018-10-13,2019-4-3
10676716,1,1,2018-11-19,2018-11-20
10676716,2,5,2018-11-19,2018-11-21
10676716,3,10,2018-11-19,2018-11-22
10676716,4,15,2018-11-19,2018-11-23
10676716,5,20,2018-11-19,2018-11-24
10676716,6,50,2018-11-19,2018-11-25
10676716,7,75,2018-11-19,2018-11-26
10676716,8,100,2018-11-19,2018-11-27
10676716,9,125,2018-11-19,2018-11-28
10676716,10,200,2018-11-19,2018-11-29
10676716,11,250,2018-11-19,2018-11-30
10676716,12,500,2018-11-19,2018-12-2
10676716,13,1000,2018-11-19,2018-12-7
10676716,14,1500,2018-11-19,2018-12-12
10676716,15,2000,2018-11-19,2018-12-17
10676716,16,2500,2018-11-19,2018-12-22
10676716,17,3000,2018-11-19,2018-12-27
10676716,18,5000,2018-11-19,2019-1-13
10676716,19,10000,2018-11-19,2019-2-23
10676716,20,15000,2018-11-19,2019-4-5
10676716,21,20000,2018-11-19,2019-5-15
